t,x,theta,u
0.001,-4.35941e-06,0.523594,-10.0043
0.002,-1.74337e-05,0.523581,-9.99611
0.003,-3.9219e-05,0.523559,-9.99598
0.004,-6.97153e-05,0.523528,-9.996
0.005,-0.000108923,0.523489,-9.99603
0.006,-0.000156841,0.52344,-9.99606
0.007,-0.000213471,0.523383,-9.99609
0.008,-0.000278813,0.523317,-9.99612
0.009,-0.000352867,0.523242,-9.99615
0.01,-0.000435632,0.523159,-9.99617
0.011,-0.00052711,0.523066,-9.9962
0.012,-0.000627301,0.522965,-9.99623
0.013,-0.000736204,0.522855,-9.99625
0.014,-0.000853821,0.522736,-9.99628
0.015,-0.000980151,0.522608,-9.99631
0.016,-0.0011152,0.522471,-9.99633
0.017,-0.00125895,0.522326,-9.99636
0.018,-0.00141143,0.522171,-9.99638
0.019,-0.00157262,0.522008,-9.99641
0.02,-0.00174252,0.521836,-9.99643
0.021,-0.00192114,0.521655,-9.99645
0.022,-0.00210848,0.521465,-9.99648
0.023,-0.00230454,0.521266,-9.9965
0.024,-0.00250931,0.521059,-9.99652
0.025,-0.0027228,0.520842,-9.99655
0.026,-0.00294502,0.520616,-9.99657
0.027,-0.00317595,0.520382,-9.99659
0.028,-0.0034156,0.520138,-9.99661
0.029,-0.00366398,0.519886,-9.99664
0.03,-0.00392107,0.519624,-9.99666
0.031,-0.00418689,0.519354,-9.99668
0.032,-0.00446143,0.519074,-9.9967
0.033,-0.0047447,0.518786,-9.99672
0.034,-0.00503669,0.518488,-9.99674
0.035,-0.00533741,0.518182,-9.99676
0.036,-0.00564686,0.517866,-9.99678
0.037,-0.00596504,0.517541,-9.9968
0.038,-0.00629194,0.517207,-9.99683
0.039,-0.00662757,0.516864,-9.99685
0.04,-0.00697194,0.516512,-9.99687
0.041,-0.00732504,0.516151,-9.99689
0.042,-0.00768687,0.51578,-9.9969
0.043,-0.00805743,0.515401,-9.99693
0.044,-0.00843673,0.515012,-9.99694
0.045,-0.00882477,0.514614,-9.99696
0.046,-0.00922155,0.514206,-9.99698
0.047,-0.00962706,0.51379,-9.997
0.048,-0.0100413,0.513364,-9.99702
0.049,-0.0104643,0.512928,-9.99704
0.05,-0.010896,0.512484,-9.99706
0.051,-0.0113365,0.512029,-9.99708
0.052,-0.0117858,0.511566,-9.9971
0.053,-0.0122437,0.511093,-9.99712
0.054,-0.0127105,0.510611,-9.99714
0.055,-0.0131859,0.510119,-9.99715
0.056,-0.0136702,0.509618,-9.99717
0.057,-0.0141631,0.509107,-9.99719
0.058,-0.0146649,0.508587,-9.99721
0.059,-0.0151753,0.508057,-9.99723
0.06,-0.0156946,0.507518,-9.99725
0.061,-0.0162226,0.506969,-9.99726
0.062,-0.0167594,0.50641,-9.99728
0.063,-0.0173049,0.505841,-9.9973
0.064,-0.0178592,0.505263,-9.99732
0.065,-0.0184222,0.504675,-9.99734
0.066,-0.018994,0.504078,-9.99736
0.067,-0.0195746,0.50347,-9.99737
0.068,-0.020164,0.502853,-9.99739
0.069,-0.0207621,0.502226,-9.99741
0.07,-0.021369,0.501589,-9.99743
0.071,-0.0219847,0.500942,-9.99744
0.072,-0.0226092,0.500285,-9.99746
0.073,-0.0232424,0.499618,-9.99748
0.074,-0.0238844,0.498941,-9.98035
0.075,-0.0245352,0.498255,-9.85704
0.076,-0.0251945,0.497558,-9.73461
0.077,-0.0258623,0.496853,-9.61305
0.078,-0.0265384,0.496138,-9.49235
0.079,-0.0272228,0.495415,-9.37251
0.08,-0.0279154,0.494684,-9.25352
0.081,-0.028616,0.493944,-9.13539
0.082,-0.0293245,0.493197,-9.01812
0.083,-0.0300408,0.492443,-8.90169
0.084,-0.0307648,0.491681,-8.78612
0.085,-0.0314964,0.490912,-8.67138
0.086,-0.0322355,0.490137,-8.5575
0.087,-0.0329819,0.489356,-8.44445
0.088,-0.0337357,0.488568,-8.33225
0.089,-0.0344965,0.487775,-8.22088
0.09,-0.0352645,0.486976,-8.11034
0.091,-0.0360394,0.486172,-8.00064
0.092,-0.0368212,0.485363,-7.89177
0.093,-0.0376097,0.48455,-7.78373
0.094,-0.0384049,0.483732,-7.67652
0.095,-0.0392066,0.48291,-7.57012
0.096,-0.0400147,0.482084,-7.46455
0.097,-0.0408293,0.481255,-7.3598
0.098,-0.04165,0.480422,-7.25587
0.099,-0.042477,0.479586,-7.15274
0.1,-0.04331,0.478747,-7.05043
0.101,-0.0441489,0.477906,-6.94893
0.102,-0.0449937,0.477062,-6.84824
0.103,-0.0458443,0.476217,-6.74835
0.104,-0.0467006,0.475369,-6.64926
0.105,-0.0475625,0.47452,-6.55097
0.106,-0.0484299,0.473669,-6.45348
0.107,-0.0493026,0.472818,-6.35678
0.108,-0.0501807,0.471965,-6.26087
0.109,-0.051064,0.471112,-6.16575
0.11,-0.0519524,0.470259,-6.07141
0.111,-0.0528459,0.469405,-5.97786
0.112,-0.0537444,0.468551,-5.88508
0.113,-0.0546477,0.467698,-5.79308
0.114,-0.0555557,0.466845,-5.70186
0.115,-0.0564685,0.465993,-5.6114
0.116,-0.0573859,0.465142,-5.52172
0.117,-0.0583079,0.464292,-5.43279
0.118,-0.0592342,0.463443,-5.34463
0.119,-0.060165,0.462596,-5.25723
0.12,-0.0611,0.461751,-5.17058
0.121,-0.0620392,0.460908,-5.08468
0.122,-0.0629825,0.460067,-4.99953
0.123,-0.0639299,0.459229,-4.91513
0.124,-0.0648812,0.458393,-4.83146
0.125,-0.0658364,0.45756,-4.74854
0.126,-0.0667954,0.456731,-4.66635
0.127,-0.0677581,0.455904,-4.58489
0.128,-0.0687245,0.455081,-4.50416
0.129,-0.0696944,0.454262,-4.42415
0.13,-0.0706678,0.453446,-4.34486
0.131,-0.0716447,0.452635,-4.26629
0.132,-0.0726249,0.451828,-4.18843
0.133,-0.0736083,0.451025,-4.11128
0.134,-0.074595,0.450227,-4.03484
0.135,-0.0755848,0.449434,-3.9591
0.136,-0.0765776,0.448646,-3.88405
0.137,-0.0775735,0.447863,-3.8097
0.138,-0.0785722,0.447086,-3.73604
0.139,-0.0795738,0.446314,-3.66307
0.14,-0.0805781,0.445548,-3.59078
0.141,-0.0815852,0.444788,-3.51916
0.142,-0.0825949,0.444034,-3.44823
0.143,-0.0836072,0.443286,-3.37796
0.144,-0.084622,0.442545,-3.30836
0.145,-0.0856392,0.441811,-3.23942
0.146,-0.0866588,0.441083,-3.17113
0.147,-0.0876807,0.440362,-3.10351
0.148,-0.0887048,0.439649,-3.03653
0.149,-0.0897312,0.438942,-2.97019
0.15,-0.0907596,0.438244,-2.9045
0.151,-0.0917901,0.437553,-2.83945
0.152,-0.0928226,0.43687,-2.77503
0.153,-0.0938571,0.436194,-2.71123
0.154,-0.0948934,0.435527,-2.64806
0.155,-0.0959315,0.434869,-2.58551
0.156,-0.0969714,0.434218,-2.52358
0.157,-0.0980129,0.433577,-2.46226
0.158,-0.0990561,0.432944,-2.40154
0.159,-0.100101,0.43232,-2.34143
0.16,-0.101147,0.431705,-2.28191
0.161,-0.102195,0.4311,-2.22299
0.162,-0.103244,0.430503,-2.16466
0.163,-0.104295,0.429917,-2.10691
0.164,-0.105347,0.42934,-2.04974
0.165,-0.1064,0.428773,-1.99315
0.166,-0.107454,0.428216,-1.93713
0.167,-0.108509,0.427669,-1.88168
0.168,-0.109566,0.427132,-1.82679
0.169,-0.110623,0.426606,-1.77246
0.17,-0.111682,0.42609,-1.71869
0.171,-0.112741,0.425585,-1.66546
0.172,-0.113801,0.425091,-1.61278
0.173,-0.114863,0.424608,-1.56063
0.174,-0.115925,0.424136,-1.50903
0.175,-0.116987,0.423675,-1.45795
0.176,-0.11805,0.423226,-1.40741
0.177,-0.119114,0.422788,-1.35738
0.178,-0.120179,0.422361,-1.30788
0.179,-0.121244,0.421947,-1.25888
0.18,-0.12231,0.421544,-1.2104
0.181,-0.123376,0.421154,-1.16242
0.182,-0.124442,0.420775,-1.11494
0.183,-0.125509,0.420409,-1.06796
0.184,-0.126576,0.420055,-1.02147
0.185,-0.127643,0.419714,-0.975471
0.186,-0.128711,0.419386,-0.929952
0.187,-0.129778,0.41907,-0.884911
0.188,-0.130846,0.418767,-0.840345
0.189,-0.131914,0.418477,-0.796248
0.19,-0.132982,0.418201,-0.752617
0.191,-0.13405,0.417937,-0.709448
0.192,-0.135118,0.417687,-0.666735
0.193,-0.136186,0.417451,-0.624475
0.194,-0.137254,0.417228,-0.582664
0.195,-0.138321,0.417019,-0.541297
0.196,-0.139389,0.416823,-0.500369
0.197,-0.140456,0.416642,-0.459878
0.198,-0.141523,0.416475,-0.419818
0.199,-0.142589,0.416322,-0.380185
0.2,-0.143655,0.416183,-0.340976
0.201,-0.144721,0.416058,-0.302186
0.202,-0.145787,0.415949,-0.263811
0.203,-0.146851,0.415853,-0.225846
0.204,-0.147916,0.415773,-0.188289
0.205,-0.14898,0.415707,-0.151134
0.206,-0.150043,0.415657,-0.114378
0.207,-0.151106,0.415621,-0.0780165
0.208,-0.152168,0.4156,-0.042046
0.209,-0.153229,0.415595,-0.00646223
0.21,-0.15429,0.415605,0.0287386
0.211,-0.15535,0.415631,0.0635605
0.212,-0.156409,0.415672,0.0980073
0.213,-0.157467,0.415729,0.132083
0.214,-0.158525,0.415802,0.165791
0.215,-0.159581,0.415891,0.199136
0.216,-0.160637,0.415995,0.23212
0.217,-0.161692,0.416116,0.264749
0.218,-0.162746,0.416253,0.297025
0.219,-0.163798,0.416406,0.328953
0.22,-0.16485,0.416576,0.360536
0.221,-0.165901,0.416762,0.391777
0.222,-0.16695,0.416964,0.422681
0.223,-0.167999,0.417183,0.453251
0.224,-0.169046,0.41742,0.48349
0.225,-0.170092,0.417672,0.513402
0.226,-0.171137,0.417942,0.54299
0.227,-0.172181,0.418229,0.572259
0.228,-0.173223,0.418533,0.601211
0.229,-0.174264,0.418855,0.629849
0.23,-0.175304,0.419193,0.658178
0.231,-0.176342,0.41955,0.6862
0.232,-0.177379,0.419923,0.71392
0.233,-0.178415,0.420314,0.741339
0.234,-0.179449,0.420723,0.768462
0.235,-0.180482,0.42115,0.795292
0.236,-0.181513,0.421595,0.821831
0.237,-0.182543,0.422057,0.848084
0.238,-0.183571,0.422538,0.874053
0.239,-0.184597,0.423037,0.899741
0.24,-0.185623,0.423554,0.925152
0.241,-0.186646,0.42409,0.950288
0.242,-0.187668,0.424643,0.975153
0.243,-0.188688,0.425216,0.999749
0.244,-0.189706,0.425807,1.02408
0.245,-0.190723,0.426416,1.04815
0.246,-0.191738,0.427045,1.07196
0.247,-0.192751,0.427692,1.09551
0.248,-0.193763,0.428358,1.11881
0.249,-0.194772,0.429044,1.14185
0.25,-0.19578,0.429748,1.16465
0.251,-0.196786,0.430472,1.18721
0.252,-0.19779,0.431215,1.20952
0.253,-0.198793,0.431977,1.23159
0.254,-0.199793,0.432759,1.25342
0.255,-0.200791,0.43356,1.27502
0.256,-0.201788,0.434381,1.29639
0.257,-0.202782,0.435222,1.31753
0.258,-0.203775,0.436082,1.33844
0.259,-0.204765,0.436962,1.35912
0.26,-0.205754,0.437863,1.37959
0.261,-0.20674,0.438783,1.39983
0.262,-0.207725,0.439724,1.41986
0.263,-0.208707,0.440684,1.43967
0.264,-0.209687,0.441665,1.45928
0.265,-0.210665,0.442667,1.47867
0.266,-0.211641,0.443688,1.49785
0.267,-0.212615,0.444731,1.51683
0.268,-0.213586,0.445794,1.53561
0.269,-0.214556,0.446877,1.55419
0.27,-0.215523,0.447982,1.57256
0.271,-0.216488,0.449107,1.59075
0.272,-0.217451,0.450254,1.60874
0.273,-0.218411,0.451421,1.62653
0.274,-0.219369,0.452609,1.64414
0.275,-0.220325,0.453819,1.66156
0.276,-0.221278,0.45505,1.6788
0.277,-0.22223,0.456302,1.69585
0.278,-0.223178,0.457576,1.71272
0.279,-0.224125,0.458871,1.72941
0.28,-0.225069,0.460188,1.74593
0.281,-0.226011,0.461526,1.76226
0.282,-0.22695,0.462887,1.77843
0.283,-0.227887,0.464269,1.79442
0.284,-0.228821,0.465673,1.81025
0.285,-0.229753,0.467099,1.82591
0.286,-0.230683,0.468547,1.8414
0.287,-0.23161,0.470017,1.85673
0.288,-0.232534,0.471509,1.87189
0.289,-0.233456,0.473024,1.8869
0.29,-0.234376,0.474561,1.90175
0.291,-0.235293,0.47612,1.91644
0.292,-0.236207,0.477702,1.93097
0.293,-0.237119,0.479307,1.94535
0.294,-0.238029,0.480934,1.95958
0.295,-0.238935,0.482585,1.97366
0.296,-0.239839,0.484258,1.98759
0.297,-0.240741,0.485953,2.00137
0.298,-0.24164,0.487672,2.01501
0.299,-0.242536,0.489414,2.02851
0.3,-0.24343,0.491179,2.04186
0.301,-0.24432,0.492968,2.05507
0.302,-0.245209,0.49478,2.06815
0.303,-0.246094,0.496615,2.08108
0.304,-0.246977,0.498473,2.09388
0.305,-0.247857,0.500355,2.10654
0.306,-0.248735,0.502261,2.11907
0.307,-0.24961,0.50419,2.13147
0.308,-0.250482,0.506143,2.14374
0.309,-0.251351,0.50812,2.15588
0.31,-0.252218,0.510121,2.16789
0.311,-0.253081,0.512146,2.17977
0.312,-0.253942,0.514195,2.19153
0.313,-0.254801,0.516268,2.20316
0.314,-0.255656,0.518366,2.21468
0.315,-0.256509,0.520487,2.22607
0.316,-0.257359,0.522633,2.23734
0.317,-0.258206,0.524804,2.24849
0.318,-0.25905,0.526999,2.25952
0.319,-0.259891,0.529218,2.27044
0.32,-0.26073,0.531462,2.28124
0.321,-0.261565,0.533731,2.29193
0.322,-0.262398,0.536025,2.3025
0.323,-0.263228,0.538344,2.31297
0.324,-0.264056,0.540688,2.32332
0.325,-0.26488,0.543056,2.33356
0.326,-0.265701,0.54545,2.3437
0.327,-0.26652,0.547869,2.35372
0.328,-0.267335,0.550313,2.36364
0.329,-0.268148,0.552783,2.37346
0.33,-0.268958,0.555278,2.38317
0.331,-0.269765,0.557798,2.39277
0.332,-0.270569,0.560344,2.40228
0.333,-0.27137,0.562916,2.41168
0.334,-0.272168,0.565513,2.42098
0.335,-0.272963,0.568136,2.43019
0.336,-0.273756,0.570785,2.43929
0.337,-0.274545,0.573459,2.4483
0.338,-0.275331,0.57616,2.45721
0.339,-0.276115,0.578887,2.46602
0.34,-0.276896,0.58164,2.47474
0.341,-0.277673,0.584419,2.48337
0.342,-0.278448,0.587224,2.4919
0.343,-0.279219,0.590056,2.50034
0.344,-0.279988,0.592914,2.50869
0.345,-0.280754,0.595798,2.51695
0.346,-0.281517,0.598709,2.52512
0.347,-0.282277,0.601647,2.5332
0.348,-0.283034,0.604611,2.54119
0.349,-0.283787,0.607602,2.5491
0.35,-0.284538,0.61062,2.55692
0.351,-0.285286,0.613664,2.56465
0.352,-0.286031,0.616736,2.5723
0.353,-0.286773,0.619834,2.57986
0.354,-0.287512,0.62296,2.58734
0.355,-0.288249,0.626113,2.59474
0.356,-0.288982,0.629293,2.60206
0.357,-0.289712,0.6325,2.60929
0.358,-0.290439,0.635734,2.61644
0.359,-0.291163,0.638996,2.62352
0.36,-0.291884,0.642286,2.63051
0.361,-0.292603,0.645602,2.63743
0.362,-0.293318,0.648947,2.64427
0.363,-0.29403,0.652319,2.65103
0.364,-0.29474,0.655719,2.65772
0.365,-0.295446,0.659146,2.66433
0.366,-0.296149,0.662602,2.67086
0.367,-0.29685,0.666085,2.67732
0.368,-0.297547,0.669596,2.68371
0.369,-0.298242,0.673135,2.69002
0.37,-0.298933,0.676703,2.69626
0.371,-0.299622,0.680298,2.70242
0.372,-0.300308,0.683922,2.70852
0.373,-0.300991,0.687574,2.71454
0.374,-0.301671,0.691254,2.7205
0.375,-0.302347,0.694962,2.72638
0.376,-0.303021,0.698699,2.7322
0.377,-0.303693,0.702465,2.73794
0.378,-0.304361,0.706259,2.74362
0.379,-0.305026,0.710081,2.74923
0.38,-0.305688,0.713932,2.75478
0.381,-0.306348,0.717812,2.76025
0.382,-0.307005,0.721721,2.76566
0.383,-0.307658,0.725658,2.77101
0.384,-0.308309,0.729625,2.77629
0.385,-0.308957,0.73362,2.7815
0.386,-0.309602,0.737644,2.78665
0.387,-0.310244,0.741697,2.79174
0.388,-0.310884,0.74578,2.79676
0.389,-0.31152,0.749891,2.80172
0.39,-0.312154,0.754032,2.80662
0.391,-0.312785,0.758202,2.81146
0.392,-0.313413,0.762401,2.81624
0.393,-0.314039,0.766629,2.82095
0.394,-0.314661,0.770887,2.82561
0.395,-0.315281,0.775174,2.8302
0.396,-0.315898,0.779491,2.83474
0.397,-0.316512,0.783837,2.83921
0.398,-0.317124,0.788213,2.84363
0.399,-0.317733,0.792618,2.84799
0.4,-0.318339,0.797053,2.85229
0.401,-0.318942,0.801518,2.85653
0.402,-0.319543,0.806013,2.86072
0.403,-0.320141,0.810537,2.86485
0.404,-0.320736,0.815091,2.86892
0.405,-0.321329,0.819675,2.87294
0.406,-0.321919,0.824289,2.8769
0.407,-0.322506,0.828933,2.88081
0.408,-0.323091,0.833607,2.88466
0.409,-0.323673,0.838311,2.88846
0.41,-0.324253,0.843045,2.8922
0.411,-0.32483,0.847809,2.89589
0.412,-0.325404,0.852603,2.89953
0.413,-0.325976,0.857427,2.90311
0.414,-0.326546,0.862282,2.90664
0.415,-0.327113,0.867167,2.91012
0.416,-0.327677,0.872082,2.91355
0.417,-0.328239,0.877028,2.91692
0.418,-0.328798,0.882004,2.92025
0.419,-0.329355,0.88701,2.92352
0.42,-0.32991,0.892047,2.92675
0.421,-0.330462,0.897114,2.92992
0.422,-0.331012,0.902212,2.93304
0.423,-0.331559,0.90734,2.93611
0.424,-0.332105,0.912499,2.93914
0.425,-0.332647,0.917689,2.94211
0.426,-0.333188,0.922909,2.94504
0.427,-0.333726,0.92816,2.94791
0.428,-0.334262,0.933442,2.95074
0.429,-0.334796,0.938754,2.95353
0.43,-0.335327,0.944097,2.95626
0.431,-0.335856,0.949471,2.95895
0.432,-0.336383,0.954876,2.96159
0.433,-0.336908,0.960311,2.96418
0.434,-0.337431,0.965778,2.96673
0.435,-0.337951,0.971275,2.96923
0.436,-0.33847,0.976804,2.97169
0.437,-0.338987,0.982363,2.9741
0.438,-0.339501,0.987953,2.97646
0.439,-0.340013,0.993574,2.97878
0.44,-0.340524,0.999227,2.98105
0.441,-0.341032,1.00491,2.98329
0.442,-0.341539,1.01062,2.98547
0.443,-0.342043,1.01637,2.98761
0.444,-0.342546,1.02215,2.98971
0.445,-0.343047,1.02795,2.99177
0.446,-0.343546,1.03379,2.99378
0.447,-0.344043,1.03966,2.99575
0.448,-0.344538,1.04557,2.99768
0.449,-0.345031,1.0515,2.99956
0.45,-0.345523,1.05746,3.00141
0.451,-0.346013,1.06346,3.00321
0.452,-0.346502,1.06948,3.00496
0.453,-0.346989,1.07554,3.00668
0.454,-0.347474,1.08163,3.00836
0.455,-0.347957,1.08775,3.00999
0.456,-0.348439,1.0939,3.01159
0.457,-0.34892,1.10009,3.01314
0.458,-0.349398,1.1063,3.01466
0.459,-0.349876,1.11255,3.01613
0.46,-0.350352,1.11883,3.01757
0.461,-0.350826,1.12514,3.01896
0.462,-0.3513,1.13148,3.02031
0.463,-0.351771,1.13785,3.02163
0.464,-0.352242,1.14425,3.02291
0.465,-0.352711,1.15069,3.02415
0.466,-0.353179,1.15715,3.02535
0.467,-0.353646,1.16365,3.02651
0.468,-0.354111,1.17018,3.02763
0.469,-0.354575,1.17675,3.02872
0.47,-0.355039,1.18334,3.02977
0.471,-0.355501,1.18996,3.03078
0.472,-0.355962,1.19662,3.03175
0.473,-0.356422,1.20331,3.03269
0.474,-0.356881,1.21003,3.03358
0.475,-0.357339,1.21678,3.03445
0.476,-0.357796,1.22356,3.03527
0.477,-0.358252,1.23038,3.03606
0.478,-0.358707,1.23723,3.03682
0.479,-0.359162,1.24411,3.03754
0.48,-0.359615,1.25102,3.03822
0.481,-0.360068,1.25796,3.03887
0.482,-0.36052,1.26493,3.03948
0.483,-0.360972,1.27194,3.04006
0.484,-0.361423,1.27898,3.0406
0.485,-0.361873,1.28605,3.0411
0.486,-0.362323,1.29315,3.04158
0.487,-0.362772,1.30029,3.04202
0.488,-0.363221,1.30745,3.04242
0.489,-0.363669,1.31465,3.04279
0.49,-0.364117,1.32188,3.04313
0.491,-0.364564,1.32914,3.04343
0.492,-0.365011,1.33644,3.0437
0.493,-0.365458,1.34376,3.04393
0.494,-0.365904,1.35112,3.04414
0.495,-0.366351,1.35851,3.04431
0.496,-0.366797,1.36593,3.04445
0.497,-0.367243,1.37339,3.04455
0.498,-0.367688,1.38087,3.04462
0.499,-0.368134,1.38839,3.04466
0.5,-0.36858,1.39594,3.04467
0.501,-0.369025,1.40353,3.04465
0.502,-0.369471,1.41114,3.04459
0.503,-0.369917,1.41879,3.04451
0.504,-0.370363,1.42647,3.04439
0.505,-0.370809,1.43418,3.04424
0.506,-0.371255,1.44192,3.04406
0.507,-0.371702,1.4497,3.04385
0.508,-0.372148,1.45751,3.04361
0.509,-0.372596,1.46535,3.04333
0.51,-0.373043,1.47323,3.04303
0.511,-0.373491,1.48113,3.0427
0.512,-0.373939,1.48907,3.04233
0.513,-0.374388,1.49704,3.04194
0.514,-0.374837,1.50505,3.04152
0.515,-0.375287,1.51308,3.04107
0.516,-0.375738,1.52115,3.04058
0.517,-0.376189,1.52925,3.04007
0.518,-0.376641,1.53739,3.03953
0.519,-0.377094,1.54555,3.03896
0.52,-0.377547,1.55375,3.03837
0.521,-0.378001,1.56198,3.03774
0.522,-0.378456,1.57025,3.03709
0.523,-0.378912,1.57854,3.0364
0.524,-0.379369,1.58687,3.03569
0.525,-0.379827,1.59524,3.03495
0.526,-0.380286,1.60363,3.03418
0.527,-0.380746,1.61206,3.03339
0.528,-0.381207,1.62052,3.03257
0.529,-0.381669,1.62901,3.03172
0.53,-0.382132,1.63754,3.03084
0.531,-0.382597,1.6461,3.02994
0.532,-0.383063,1.65469,3.029
0.533,-0.38353,1.66332,3.02805
0.534,-0.383998,1.67198,3.02706
0.535,-0.384468,1.68067,3.02605
0.536,-0.38494,1.68939,3.02501
0.537,-0.385412,1.69815,3.02395
0.538,-0.385887,1.70694,3.02286
0.539,-0.386362,1.71576,3.02174
0.54,-0.38684,1.72462,3.0206
0.541,-0.387319,1.73351,3.01943
0.542,-0.3878,1.74243,3.01824
0.543,-0.388282,1.75139,3.01702
0.544,-0.388766,1.76038,3.01577
0.545,-0.389252,1.7694,3.0145
0.546,-0.38974,1.77846,3.01321
0.547,-0.39023,1.78755,3.01189
0.548,-0.390721,1.79667,3.01055
0.549,-0.391215,1.80583,3.00918
0.55,-0.39171,1.81501,3.00779
0.551,-0.392208,1.82424,3.00637
0.552,-0.392707,1.83349,3.00493
0.553,-0.393209,1.84278,3.00346
0.554,-0.393713,1.8521,3.00197
0.555,-0.394218,1.86146,3.00046
0.556,-0.394726,1.87085,2.99892
0.557,-0.395237,1.88027,2.99736
0.558,-0.395749,1.88973,2.99578
0.559,-0.396264,1.89922,2.99417
0.56,-0.396781,1.90874,2.99254
0.561,-0.397301,1.9183,2.99089
0.562,-0.397823,1.92789,2.98921
0.563,-0.398347,1.93751,2.98752
0.564,-0.398874,1.94717,2.98579
0.565,-0.399403,1.95686,2.98405
0.566,-0.399935,1.96658,2.98229
0.567,-0.400469,1.97634,2.9805
0.568,-0.401006,1.98613,2.97869
0.569,-0.401545,1.99596,2.97685
0.57,-0.402087,2.00581,2.975
0.571,-0.402632,2.01571,2.97313
0.572,-0.403179,2.02563,2.97123
0.573,-0.403729,2.03559,2.96931
0.574,-0.404282,2.04558,2.96737
0.575,-0.404838,2.0556,2.96541
0.576,-0.405396,2.06566,2.96343
0.577,-0.405957,2.07575,2.96142
0.578,-0.406521,2.08587,2.9594
0.579,-0.407087,2.09603,2.95735
0.58,-0.407657,2.10622,2.95529
0.581,-0.408229,2.11644,2.9532
0.582,-0.408805,2.1267,2.9511
0.583,-0.409383,2.13699,2.94897
0.584,-0.409964,2.14731,2.94683
0.585,-0.410548,2.15766,2.94466
0.586,-0.411135,2.16805,2.94247
0.587,-0.411725,2.17847,2.94027
0.588,-0.412317,2.18892,2.93804
0.589,-0.412913,2.19941,2.9358
0.59,-0.413512,2.20992,2.93353
0.591,-0.414114,2.22047,2.93125
0.592,-0.414718,2.23105,2.92895
0.593,-0.415326,2.24166,2.92663
0.594,-0.415936,2.25231,2.92429
0.595,-0.41655,2.26298,2.92193
0.596,-0.417167,2.27369,2.91955
0.597,-0.417786,2.28443,2.91715
0.598,-0.418409,2.2952,2.91474
0.599,-0.419034,2.306,2.9123
0.6,-0.419662,2.31683,2.90985
0.601,-0.420294,2.32769,2.90738
0.602,-0.420928,2.33859,2.9049
0.603,-0.421565,2.34951,2.90239
0.604,-0.422205,2.36046,2.89987
0.605,-0.422848,2.37145,2.89733
0.606,-0.423494,2.38246,2.89477
0.607,-0.424142,2.3935,2.89219
0.608,-0.424794,2.40457,2.8896
0.609,-0.425448,2.41567,2.88699
0.61,-0.426105,2.4268,2.88437
0.611,-0.426765,2.43796,2.88172
0.612,-0.427427,2.44914,2.87906
0.613,-0.428092,2.46036,2.87638
0.614,-0.42876,2.4716,2.87369
0.615,-0.42943,2.48286,2.87098
0.616,-0.430103,2.49416,2.86825
0.617,-0.430779,2.50548,2.86551
0.618,-0.431457,2.51682,2.86275
0.619,-0.432137,2.5282,2.85998
0.62,-0.43282,2.53959,2.85719
0.621,-0.433505,2.55102,2.85438
0.622,-0.434192,2.56246,2.85156
0.623,-0.434882,2.57393,2.84872
0.624,-0.435573,2.58543,2.84586
0.625,-0.436267,2.59695,2.843
0.626,-0.436963,2.60849,2.84011
0.627,-0.437661,2.62005,2.83721
0.628,-0.438361,2.63164,2.8343
0.629,-0.439062,2.64324,2.83137
0.63,-0.439766,2.65487,2.82842
0.631,-0.440471,2.66652,2.82546
0.632,-0.441178,2.67818,2.82249
0.633,-0.441886,2.68987,2.8195
0.634,-0.442596,2.70158,2.8165
0.635,-0.443307,2.7133,2.81348
0.636,-0.44402,2.72504,2.81045
0.637,-0.444733,2.7368,2.8074
0.638,-0.445448,2.74857,2.80435
0.639,-0.446164,2.76036,2.80127
0.64,-0.446881,2.77217,2.79818
0.641,-0.447599,2.78399,2.79508
0.642,-0.448318,2.79582,2.79197
0.643,-0.449037,2.80767,2.78884
0.644,-0.449757,2.81953,2.7857
0.645,-0.450477,2.8314,2.78254
0.646,-0.451197,2.84328,2.77938
0.647,-0.451918,2.85517,2.7762
0.648,-0.452639,2.86707,2.773
0.649,-0.45336,2.87899,2.76979
0.65,-0.454081,2.89091,2.76657
0.651,-0.454802,2.90283,2.76334
0.652,-0.455523,2.91477,2.7601
0.653,-0.456243,2.92671,2.75684
0.654,-0.456962,2.93865,2.75357
0.655,-0.457681,2.9506,2.75029
0.656,-0.4584,2.96256,2.74699
0.657,-0.459117,2.97451,2.74368
0.658,-0.459833,2.98647,2.74036
0.659,-0.460549,2.99843,2.73703
0.66,-0.461263,3.01039,2.73369
0.661,-0.461976,3.02235,2.73034
0.662,-0.462687,3.03431,2.72697
0.663,-0.463396,3.04627,2.72359
0.664,-0.464104,3.05823,2.7202
0.665,-0.46481,3.07018,2.7168
0.666,-0.465514,3.08212,2.71339
0.667,-0.466217,3.09407,2.70997
0.668,-0.466916,3.106,2.70653
0.669,-0.467614,3.11793,2.70309
0.67,-0.468309,3.12986,2.69963
0.671,-0.469001,3.14177,2.69617
0.672,-0.469691,3.15368,2.69269
0.673,-0.470378,3.16557,2.6892
0.674,-0.471062,3.17746,2.6857
0.675,-0.471743,3.18933,2.68219
0.676,-0.472421,3.2012,2.67867
0.677,-0.473095,3.21304,2.67515
0.678,-0.473766,3.22488,2.67161
0.679,-0.474434,3.2367,2.66806
0.68,-0.475098,3.24851,2.6645
0.681,-0.475758,3.2603,2.66093
0.682,-0.476414,3.27207,2.65735
0.683,-0.477067,3.28382,2.65376
0.684,-0.477715,3.29556,2.65016
0.685,-0.478359,3.30728,2.64655
0.686,-0.478999,3.31898,2.64293
0.687,-0.479634,3.33066,2.6393
0.688,-0.480265,3.34232,2.63567
0.689,-0.480891,3.35395,2.63202
0.69,-0.481513,3.36557,2.62837
0.691,-0.482129,3.37716,2.6247
0.692,-0.482741,3.38873,2.62103
0.693,-0.483348,3.40027,2.61735
0.694,-0.48395,3.41179,2.61366
0.695,-0.484546,3.42328,2.60996
0.696,-0.485138,3.43475,2.60625
0.697,-0.485724,3.44619,2.60254
0.698,-0.486304,3.45761,2.59881
0.699,-0.48688,3.469,2.59508
0.7,-0.487449,3.48035,2.59134
0.701,-0.488013,3.49168,2.58759
0.702,-0.488571,3.50299,2.58383
0.703,-0.489124,3.51426,2.58007
0.704,-0.48967,3.5255,2.57629
0.705,-0.490211,3.53671,2.57251
0.706,-0.490746,3.54789,2.56872
0.707,-0.491274,3.55904,2.56492
0.708,-0.491797,3.57015,2.56112
0.709,-0.492313,3.58124,2.55731
0.71,-0.492823,3.59229,2.55349
0.711,-0.493327,3.60331,2.54966
0.712,-0.493824,3.61429,2.54583
0.713,-0.494316,3.62524,2.54199
0.714,-0.4948,3.63616,2.53814
0.715,-0.495279,3.64704,2.53428
0.716,-0.495751,3.65789,2.53042
0.717,-0.496216,3.66871,2.52655
0.718,-0.496675,3.67948,2.52268
0.719,-0.497127,3.69023,2.51879
0.72,-0.497572,3.70093,2.5149
0.721,-0.498011,3.7116,2.51101
0.722,-0.498443,3.72224,2.50711
0.723,-0.498869,3.73283,2.5032
0.724,-0.499288,3.74339,2.49928
0.725,-0.4997,3.75392,2.49536
0.726,-0.500105,3.7644,2.49143
0.727,-0.500503,3.77485,2.4875
0.728,-0.500895,3.78526,2.48356
0.729,-0.50128,3.79563,2.47961
0.73,-0.501658,3.80597,2.47566
0.731,-0.502029,3.81626,2.4717
0.732,-0.502393,3.82652,2.46774
0.733,-0.50275,3.83674,2.46377
0.734,-0.503101,3.84692,2.4598
0.735,-0.503445,3.85707,2.45582
0.736,-0.503781,3.86717,2.45183
0.737,-0.504111,3.87724,2.44784
0.738,-0.504434,3.88726,2.44384
0.739,-0.504751,3.89725,2.43984
0.74,-0.50506,3.9072,2.43583
0.741,-0.505362,3.91711,2.43182
0.742,-0.505658,3.92698,2.42781
0.743,-0.505947,3.93681,2.42378
0.744,-0.506229,3.9466,2.41976
0.745,-0.506504,3.95635,2.41573
0.746,-0.506772,3.96607,2.41169
0.747,-0.507034,3.97574,2.40765
0.748,-0.507289,3.98537,2.4036
0.749,-0.507537,3.99497,2.39955
0.75,-0.507778,4.00452,2.3955
0.751,-0.508013,4.01404,2.39144
0.752,-0.50824,4.02352,2.38737
0.753,-0.508462,4.03295,2.38331
0.754,-0.508676,4.04235,2.37923
0.755,-0.508884,4.05171,2.37516
0.756,-0.509085,4.06103,2.37108
0.757,-0.50928,4.07031,2.36699
0.758,-0.509468,4.07955,2.3629
0.759,-0.509649,4.08875,2.35881
0.76,-0.509824,4.09791,2.35472
0.761,-0.509992,4.10703,2.35062
0.762,-0.510154,4.11611,2.34651
0.763,-0.51031,4.12516,2.3424
0.764,-0.510459,4.13416,2.33829
0.765,-0.510601,4.14313,2.33418
0.766,-0.510738,4.15206,2.33006
0.767,-0.510868,4.16094,2.32594
0.768,-0.510991,4.16979,2.32182
0.769,-0.511109,4.1786,2.31769
0.77,-0.51122,4.18737,2.31356
0.771,-0.511325,4.19611,2.30942
0.772,-0.511423,4.2048,2.30529
0.773,-0.511516,4.21346,2.30115
0.774,-0.511603,4.22207,2.297
0.775,-0.511683,4.23065,2.29286
0.776,-0.511757,4.23919,2.28871
0.777,-0.511826,4.2477,2.28456
0.778,-0.511888,4.25616,2.2804
0.779,-0.511945,4.26459,2.27624
0.78,-0.511995,4.27298,2.27208
0.781,-0.51204,4.28133,2.26792
0.782,-0.512079,4.28964,2.26376
0.783,-0.512112,4.29791,2.25959
0.784,-0.512139,4.30615,2.25542
0.785,-0.512161,4.31435,2.25125
0.786,-0.512176,4.32251,2.24707
0.787,-0.512187,4.33064,2.2429
0.788,-0.512191,4.33872,2.23872
0.789,-0.51219,4.34677,2.23454
0.79,-0.512184,4.35479,2.23036
0.791,-0.512172,4.36276,2.22617
0.792,-0.512154,4.3707,2.22199
0.793,-0.512132,4.3786,2.2178
0.794,-0.512103,4.38647,2.21361
0.795,-0.51207,4.3943,2.20942
0.796,-0.512031,4.40209,2.20522
0.797,-0.511987,4.40984,2.20103
0.798,-0.511937,4.41756,2.19683
0.799,-0.511883,4.42525,2.19263
0.8,-0.511823,4.43289,2.18843
0.801,-0.511758,4.4405,2.18423
0.802,-0.511688,4.44808,2.18003
0.803,-0.511613,4.45561,2.17582
0.804,-0.511533,4.46312,2.17162
0.805,-0.511448,4.47058,2.16741
0.806,-0.511358,4.47801,2.1632
0.807,-0.511263,4.48541,2.159
0.808,-0.511164,4.49277,2.15479
0.809,-0.511059,4.50009,2.15058
0.81,-0.51095,4.50738,2.14636
0.811,-0.510836,4.51464,2.14215
0.812,-0.510718,4.52186,2.13794
0.813,-0.510594,4.52904,2.13372
0.814,-0.510466,4.53619,2.12951
0.815,-0.510334,4.5433,2.12529
0.816,-0.510197,4.55038,2.12107
0.817,-0.510055,4.55743,2.11686
0.818,-0.509909,4.56444,2.11264
0.819,-0.509759,4.57141,2.10842
0.82,-0.509604,4.57835,2.1042
0.821,-0.509445,4.58526,2.09998
0.822,-0.509281,4.59213,2.09576
0.823,-0.509114,4.59897,2.09154
0.824,-0.508942,4.60577,2.08732
0.825,-0.508765,4.61254,2.0831
0.826,-0.508585,4.61928,2.07888
0.827,-0.5084,4.62598,2.07466
0.828,-0.508212,4.63265,2.07044
0.829,-0.508019,4.63929,2.06622
0.83,-0.507822,4.64589,2.062
0.831,-0.507622,4.65246,2.05777
0.832,-0.507417,4.65899,2.05355
0.833,-0.507208,4.66549,2.04933
0.834,-0.506996,4.67196,2.04511
0.835,-0.506779,4.67839,2.04089
0.836,-0.506559,4.68479,2.03667
0.837,-0.506335,4.69116,2.03245
0.838,-0.506108,4.6975,2.02823
0.839,-0.505876,4.7038,2.02401
0.84,-0.505641,4.71007,2.01979
0.841,-0.505402,4.71631,2.01557
0.842,-0.50516,4.72251,2.01135
0.843,-0.504914,4.72868,2.00714
0.844,-0.504665,4.73482,2.00292
0.845,-0.504412,4.74093,1.9987
0.846,-0.504156,4.747,1.99449
0.847,-0.503896,4.75305,1.99027
0.848,-0.503632,4.75906,1.98606
0.849,-0.503366,4.76503,1.98184
0.85,-0.503096,4.77098,1.97763
0.851,-0.502823,4.77689,1.97342
0.852,-0.502546,4.78277,1.96921
0.853,-0.502266,4.78862,1.965
0.854,-0.501983,4.79444,1.96079
0.855,-0.501697,4.80023,1.95658
0.856,-0.501408,4.80598,1.95237
0.857,-0.501115,4.81171,1.94817
0.858,-0.50082,4.8174,1.94396
0.859,-0.500521,4.82306,1.93976
0.86,-0.50022,4.82869,1.93556
0.861,-0.499915,4.83429,1.93135
0.862,-0.499608,4.83985,1.92715
0.863,-0.499297,4.84539,1.92296
0.864,-0.498984,4.85089,1.91876
0.865,-0.498667,4.85636,1.91456
0.866,-0.498348,4.86181,1.91037
0.867,-0.498026,4.86722,1.90617
0.868,-0.497702,4.8726,1.90198
0.869,-0.497374,4.87795,1.89779
0.87,-0.497044,4.88326,1.8936
0.871,-0.496711,4.88855,1.88942
0.872,-0.496375,4.89381,1.88523
0.873,-0.496037,4.89904,1.88105
0.874,-0.495696,4.90423,1.87687
0.875,-0.495353,4.9094,1.87269
0.876,-0.495007,4.91453,1.86851
0.877,-0.494658,4.91964,1.86433
0.878,-0.494307,4.92471,1.86016
0.879,-0.493954,4.92976,1.85598
0.88,-0.493598,4.93477,1.85181
0.881,-0.493239,4.93976,1.84764
0.882,-0.492879,4.94471,1.84347
0.883,-0.492515,4.94963,1.83931
0.884,-0.49215,4.95453,1.83515
0.885,-0.491782,4.95939,1.83098
0.886,-0.491412,4.96423,1.82683
0.887,-0.49104,4.96903,1.82267
0.888,-0.490665,4.97381,1.81851
0.889,-0.490288,4.97855,1.81436
0.89,-0.489909,4.98327,1.81021
0.891,-0.489528,4.98795,1.80606
0.892,-0.489144,4.99261,1.80192
0.893,-0.488759,4.99724,1.79777
0.894,-0.488371,5.00183,1.79363
0.895,-0.487981,5.0064,1.78949
0.896,-0.487589,5.01094,1.78536
0.897,-0.487196,5.01545,1.78122
0.898,-0.4868,5.01993,1.77709
0.899,-0.486402,5.02438,1.77296
0.9,-0.486002,5.02881,1.76883
0.901,-0.4856,5.0332,1.76471
0.902,-0.485197,5.03756,1.76059
0.903,-0.484791,5.0419,1.75647
0.904,-0.484384,5.0462,1.75235
0.905,-0.483974,5.05048,1.74824
0.906,-0.483563,5.05473,1.74413
0.907,-0.48315,5.05895,1.74002
0.908,-0.482735,5.06314,1.73591
0.909,-0.482319,5.0673,1.73181
0.91,-0.481901,5.07144,1.72771
0.911,-0.481481,5.07554,1.72361
0.912,-0.481059,5.07962,1.71952
0.913,-0.480636,5.08367,1.71543
0.914,-0.480211,5.08769,1.71134
0.915,-0.479784,5.09168,1.70725
0.916,-0.479356,5.09564,1.70317
0.917,-0.478926,5.09958,1.69909
0.918,-0.478494,5.10348,1.69501
0.919,-0.478061,5.10736,1.69094
0.92,-0.477626,5.11121,1.68687
0.921,-0.47719,5.11503,1.6828
0.922,-0.476752,5.11883,1.67873
0.923,-0.476313,5.12259,1.67467
0.924,-0.475872,5.12633,1.67061
0.925,-0.47543,5.13004,1.66656
0.926,-0.474987,5.13372,1.66251
0.927,-0.474542,5.13737,1.65846
0.928,-0.474095,5.141,1.65441
0.929,-0.473647,5.1446,1.65037
0.93,-0.473198,5.14817,1.64633
0.931,-0.472748,5.15171,1.64229
0.932,-0.472296,5.15523,1.63826
0.933,-0.471842,5.15871,1.63423
0.934,-0.471388,5.16217,1.63021
0.935,-0.470932,5.16561,1.62618
0.936,-0.470475,5.16901,1.62216
0.937,-0.470016,5.17239,1.61815
0.938,-0.469557,5.17574,1.61413
0.939,-0.469096,5.17906,1.61013
0.94,-0.468634,5.18235,1.60612
0.941,-0.468171,5.18562,1.60212
0.942,-0.467706,5.18886,1.59812
0.943,-0.467241,5.19207,1.59412
0.944,-0.466774,5.19526,1.59013
0.945,-0.466306,5.19842,1.58615
0.946,-0.465837,5.20155,1.58216
0.947,-0.465367,5.20465,1.57818
0.948,-0.464896,5.20773,1.5742
0.949,-0.464423,5.21078,1.57023
0.95,-0.46395,5.2138,1.56626
0.951,-0.463476,5.2168,1.5623
0.952,-0.463,5.21977,1.55833
0.953,-0.462524,5.22271,1.55437
0.954,-0.462046,5.22563,1.55042
0.955,-0.461568,5.22851,1.54647
0.956,-0.461088,5.23138,1.54252
0.957,-0.460608,5.23421,1.53858
0.958,-0.460126,5.23702,1.53464
0.959,-0.459644,5.2398,1.5307
0.96,-0.459161,5.24255,1.52677
0.961,-0.458676,5.24528,1.52284
0.962,-0.458191,5.24798,1.51892
0.963,-0.457705,5.25066,1.515
0.964,-0.457218,5.25331,1.51108
0.965,-0.456731,5.25593,1.50717
0.966,-0.456242,5.25852,1.50326
0.967,-0.455753,5.26109,1.49936
0.968,-0.455262,5.26363,1.49546
0.969,-0.454771,5.26615,1.49156
0.97,-0.454279,5.26864,1.48767
0.971,-0.453786,5.2711,1.48378
0.972,-0.453293,5.27354,1.4799
0.973,-0.452799,5.27595,1.47602
0.974,-0.452303,5.27833,1.47214
0.975,-0.451808,5.28069,1.46827
0.976,-0.451311,5.28302,1.4644
0.977,-0.450814,5.28533,1.46054
0.978,-0.450316,5.28761,1.45668
0.979,-0.449817,5.28986,1.45283
0.98,-0.449317,5.29209,1.44898
0.981,-0.448817,5.29429,1.44513
0.982,-0.448316,5.29646,1.44129
0.983,-0.447815,5.29861,1.43745
0.984,-0.447312,5.30074,1.43361
0.985,-0.44681,5.30283,1.42979
0.986,-0.446306,5.3049,1.42596
0.987,-0.445802,5.30695,1.42214
0.988,-0.445297,5.30897,1.41832
0.989,-0.444792,5.31096,1.41451
0.99,-0.444286,5.31293,1.4107
0.991,-0.443779,5.31487,1.4069
0.992,-0.443272,5.31678,1.4031
0.993,-0.442764,5.31867,1.3993
0.994,-0.442256,5.32054,1.39551
0.995,-0.441747,5.32238,1.39173
0.996,-0.441237,5.32419,1.38794
0.997,-0.440727,5.32598,1.38417
0.998,-0.440217,5.32774,1.38039
0.999,-0.439705,5.32947,1.37662
1,-0.439194,5.33118,1.37286
1.001,-0.438682,5.33287,1.3691
1.002,-0.438169,5.33452,1.36535
1.003,-0.437656,5.33616,1.36159
1.004,-0.437142,5.33777,1.35785
1.005,-0.436628,5.33935,1.35411
1.006,-0.436113,5.3409,1.35037
1.007,-0.435598,5.34243,1.34664
1.008,-0.435083,5.34394,1.34664
1.009,-0.434567,5.34542,1.34291
1.01,-0.43405,5.34687,1.33918
1.011,-0.433533,5.3483,1.33547
1.012,-0.433016,5.3497,1.33175
1.013,-0.432498,5.35108,1.32804
1.014,-0.43198,5.35244,1.32434
1.015,-0.431461,5.35376,1.32064
1.016,-0.430942,5.35506,1.31694
1.017,-0.430423,5.35634,1.31325
1.018,-0.429903,5.35759,1.30956
1.019,-0.429383,5.35882,1.30588
1.02,-0.428862,5.36002,1.3022
1.021,-0.428341,5.36119,1.29853
1.022,-0.42782,5.36234,1.29486
1.023,-0.427298,5.36347,1.2912
1.024,-0.426776,5.36457,1.28754
1.025,-0.426254,5.36564,1.28389
1.026,-0.425731,5.36669,1.28024
1.027,-0.425208,5.36771,1.27659
1.028,-0.424685,5.36871,1.27295
1.029,-0.424161,5.36968,1.26932
1.03,-0.423637,5.37063,1.26569
1.031,-0.423113,5.37155,1.26206
1.032,-0.422588,5.37245,1.25844
1.033,-0.422063,5.37332,1.25482
1.034,-0.421537,5.37417,1.25121
1.035,-0.421012,5.37499,1.24761
1.036,-0.420486,5.37578,1.24401
1.037,-0.41996,5.37656,1.24041
1.038,-0.419433,5.3773,1.23682
1.039,-0.418907,5.37802,1.23323
1.04,-0.41838,5.37872,1.22965
1.041,-0.417852,5.37939,1.22607
1.042,-0.417325,5.38003,1.2225
1.043,-0.416797,5.38065,1.21893
1.044,-0.416269,5.38125,1.21537
1.045,-0.415741,5.38182,1.21181
1.046,-0.415212,5.38236,1.20826
1.047,-0.414684,5.38288,1.20471
1.048,-0.414155,5.38338,1.20116
1.049,-0.413625,5.38385,1.19763
1.05,-0.413096,5.38429,1.19409
1.051,-0.412566,5.38471,1.19056
1.052,-0.412036,5.3851,1.18704
1.053,-0.411506,5.38547,1.18352
1.054,-0.410976,5.38582,1.18001
1.055,-0.410446,5.38613,1.1765
1.056,-0.409915,5.38643,1.17299
1.057,-0.409384,5.3867,1.1695
1.058,-0.408853,5.38694,1.166
1.059,-0.408322,5.38716,1.16251
1.06,-0.40779,5.38735,1.15903
1.061,-0.407259,5.38752,1.15555
1.062,-0.406727,5.38766,1.15208
1.063,-0.406195,5.38778,1.14861
1.064,-0.405663,5.38787,1.14514
1.065,-0.405131,5.38793,1.14168
1.066,-0.404598,5.38798,1.13823
1.067,-0.404066,5.38799,1.13478
1.068,-0.403533,5.38798,1.13134
1.069,-0.403,5.38795,1.1279
1.07,-0.402467,5.38789,1.12446
1.071,-0.401934,5.38781,1.12103
1.072,-0.4014,5.3877,1.11761
1.073,-0.400867,5.38756,1.11419
1.074,-0.400333,5.3874,1.11078
1.075,-0.399799,5.38722,1.10737
1.076,-0.399265,5.38701,1.10396
1.077,-0.398731,5.38677,1.10057
1.078,-0.398197,5.38651,1.09717
1.079,-0.397663,5.38622,1.09378
1.08,-0.397128,5.38591,1.0904
1.081,-0.396594,5.38558,1.08702
1.082,-0.396059,5.38521,1.08365
1.083,-0.395524,5.38483,1.08028
1.084,-0.394989,5.38441,1.07692
1.085,-0.394454,5.38397,1.07356
1.086,-0.393919,5.38351,1.0702
1.087,-0.393384,5.38302,1.06686
1.088,-0.392849,5.38251,1.06351
1.089,-0.392313,5.38197,1.06018
1.09,-0.391778,5.3814,1.05684
1.091,-0.391242,5.38081,1.05352
1.092,-0.390706,5.3802,1.05019
1.093,-0.39017,5.37955,1.04688
1.094,-0.389634,5.37889,1.04356
1.095,-0.389098,5.37819,1.04026
1.096,-0.388562,5.37748,1.03696
1.097,-0.388026,5.37673,1.03366
1.098,-0.387489,5.37596,1.03037
1.099,-0.386953,5.37517,1.02708
1.1,-0.386417,5.37435,1.0238
1.101,-0.38588,5.3735,1.02052
1.102,-0.385343,5.37263,1.01725
1.103,-0.384806,5.37173,1.01399
1.104,-0.384269,5.37081,1.01072
1.105,-0.383732,5.36986,1.00747
1.106,-0.383195,5.36889,1.00422
1.107,-0.382658,5.36789,1.00097
1.108,-0.382121,5.36686,0.997732
1.109,-0.381584,5.36581,0.994497
1.11,-0.381046,5.36473,0.991267
1.111,-0.380509,5.36363,0.988043
1.112,-0.379971,5.3625,0.984823
1.113,-0.379433,5.36135,0.981608
1.114,-0.378895,5.36017,0.978399
1.115,-0.378358,5.35896,0.975195
1.116,-0.37782,5.35773,0.971996
1.117,-0.377281,5.35647,0.968802
1.118,-0.376743,5.35519,0.965614
1.119,-0.376205,5.35388,0.96243
1.12,-0.375667,5.35254,0.959252
1.121,-0.375128,5.35118,0.956079
1.122,-0.37459,5.34979,0.952911
1.123,-0.374051,5.34837,0.949748
1.124,-0.373512,5.34693,0.946591
1.125,-0.372974,5.34547,0.943439
1.126,-0.372435,5.34397,0.940291
1.127,-0.371896,5.34245,0.937149
1.128,-0.371357,5.34091,0.934013
1.129,-0.370817,5.33934,0.930881
1.13,-0.370278,5.33774,0.927755
1.131,-0.369739,5.33612,0.924633
1.132,-0.369199,5.33446,0.921517
1.133,-0.368659,5.33279,0.918407
1.134,-0.36812,5.33108,0.915301
1.135,-0.36758,5.32936,0.9122
1.136,-0.36704,5.3276,0.909105
1.137,-0.3665,5.32582,0.906015
1.138,-0.365959,5.32401,0.90293
1.139,-0.365419,5.32217,0.89985
1.14,-0.364878,5.32031,0.896776
1.141,-0.364338,5.31842,0.893707
1.142,-0.363797,5.31651,0.890642
1.143,-0.363256,5.31456,0.887584
1.144,-0.362715,5.31259,0.88453
1.145,-0.362174,5.3106,0.881481
1.146,-0.361633,5.30858,0.878438
1.147,-0.361091,5.30653,0.8754
1.148,-0.360549,5.30445,0.872367
1.149,-0.360008,5.30235,0.869339
1.15,-0.359466,5.30022,0.866316
1.151,-0.358924,5.29806,0.863299
1.152,-0.358381,5.29588,0.860287
1.153,-0.357839,5.29367,0.85728
1.154,-0.357296,5.29143,0.854278
1.155,-0.356753,5.28917,0.851281
1.156,-0.35621,5.28688,0.84829
1.157,-0.355667,5.28456,0.845304
1.158,-0.355124,5.28221,0.842323
1.159,-0.35458,5.27984,0.839347
1.16,-0.354036,5.27744,0.836376
1.161,-0.353492,5.27501,0.833411
1.162,-0.352948,5.27256,0.83045
1.163,-0.352403,5.27008,0.827495
1.164,-0.351859,5.26757,0.824545
1.165,-0.351314,5.26503,0.8216
1.166,-0.350769,5.26247,0.818661
1.167,-0.350223,5.25988,0.815726
1.168,-0.349678,5.25726,0.812797
1.169,-0.349132,5.25461,0.809873
1.17,-0.348585,5.25194,0.806954
1.171,-0.348039,5.24923,0.804041
1.172,-0.347492,5.24651,0.801132
1.173,-0.346945,5.24375,0.798229
1.174,-0.346398,5.24096,0.795331
1.175,-0.34585,5.23815,0.792438
1.176,-0.345302,5.23531,0.78955
1.177,-0.344754,5.23244,0.786667
1.178,-0.344205,5.22955,0.78379
1.179,-0.343657,5.22662,0.780917
1.18,-0.343107,5.22367,0.77805
1.181,-0.342558,5.22069,0.775188
1.182,-0.342008,5.21769,0.772331
1.183,-0.341457,5.21465,0.76948
1.184,-0.340907,5.21159,0.766633
1.185,-0.340356,5.2085,0.763792
1.186,-0.339804,5.20538,0.760956
1.187,-0.339252,5.20223,0.758125
1.188,-0.3387,5.19905,0.755299
1.189,-0.338147,5.19585,0.752478
1.19,-0.337594,5.19261,0.749662
1.191,-0.337041,5.18935,0.746852
1.192,-0.336487,5.18606,0.744047
1.193,-0.335932,5.18275,0.741246
1.194,-0.335377,5.1794,0.738451
1.195,-0.334822,5.17603,0.735662
1.196,-0.334266,5.17262,0.732877
1.197,-0.33371,5.16919,0.730097
1.198,-0.333153,5.16573,0.727323
1.199,-0.332595,5.16224,0.724553
1.2,-0.332038,5.15872,0.721789
1.201,-0.331479,5.15518,0.71903
1.202,-0.33092,5.1516,0.716276
1.203,-0.33036,5.148,0.713527
1.204,-0.3298,5.14437,0.710783
1.205,-0.329239,5.1407,0.708045
1.206,-0.328678,5.13701,0.705311
1.207,-0.328116,5.13329,0.702583
1.208,-0.327553,5.12954,0.699859
1.209,-0.32699,5.12577,0.697141
1.21,-0.326426,5.12196,0.694428
1.211,-0.325862,5.11812,0.69172
1.212,-0.325296,5.11426,0.689017
1.213,-0.32473,5.11037,0.686319
1.214,-0.324164,5.10644,0.683627
1.215,-0.323596,5.10249,0.680939
1.216,-0.323028,5.09851,0.678256
1.217,-0.322459,5.0945,0.675579
1.218,-0.32189,5.09046,0.672906
1.219,-0.321319,5.08639,0.670239
1.22,-0.320748,5.08229,0.667577
1.221,-0.320176,5.07816,0.66492
1.222,-0.319603,5.074,0.662268
1.223,-0.31903,5.06981,0.659621
1.224,-0.318455,5.06559,0.656979
1.225,-0.31788,5.06135,0.654342
1.226,-0.317303,5.05707,0.65171
1.227,-0.316726,5.05276,0.649083
1.228,-0.316148,5.04842,0.646461
1.229,-0.315569,5.04406,0.643844
1.23,-0.314989,5.03966,0.641233
1.231,-0.314408,5.03524,0.638626
1.232,-0.313826,5.03078,0.636025
1.233,-0.313243,5.02629,0.633428
1.234,-0.312659,5.02178,0.630836
1.235,-0.312074,5.01723,0.62825
1.236,-0.311487,5.01265,0.625668
1.237,-0.3109,5.00805,0.623092
1.238,-0.310312,5.00341,0.62052
1.239,-0.309722,4.99874,0.617954
1.24,-0.309132,4.99404,0.615393
1.241,-0.30854,4.98932,0.612836
1.242,-0.307947,4.98456,0.610285
1.243,-0.307353,4.97977,0.607738
1.244,-0.306758,4.97495,0.605197
1.245,-0.306161,4.9701,0.602661
1.246,-0.305563,4.96522,0.600129
1.247,-0.304964,4.96031,0.597603
1.248,-0.304364,4.95537,0.595081
1.249,-0.303762,4.9504,0.592565
1.25,-0.303159,4.94539,0.590053
1.251,-0.302555,4.94036,0.587547
1.252,-0.301949,4.9353,0.585045
1.253,-0.301341,4.9302,0.582548
1.254,-0.300733,4.92507,0.580057
1.255,-0.300123,4.91992,0.57757
1.256,-0.299511,4.91473,0.575088
1.257,-0.298898,4.90951,0.572611
1.258,-0.298284,4.90426,0.57014
1.259,-0.297668,4.89898,0.567673
1.26,-0.29705,4.89367,0.565211
1.261,-0.296431,4.88832,0.562754
1.262,-0.29581,4.88295,0.560301
1.263,-0.295187,4.87754,0.557854
1.264,-0.294563,4.8721,0.555412
1.265,-0.293937,4.86663,0.552975
1.266,-0.29331,4.86113,0.550542
1.267,-0.292681,4.8556,0.548115
1.268,-0.29205,4.85004,0.545692
1.269,-0.291417,4.84444,0.543274
1.27,-0.290782,4.83882,0.540861
1.271,-0.290146,4.83316,0.538453
1.272,-0.289507,4.82747,0.53605
1.273,-0.288867,4.82175,0.533652
1.274,-0.288225,4.81599,0.531259
1.275,-0.287581,4.81021,0.528871
1.276,-0.286935,4.80439,0.526487
1.277,-0.286287,4.79854,0.524108
1.278,-0.285637,4.79266,0.521734
1.279,-0.284985,4.78674,0.519365
1.28,-0.284331,4.7808,0.517001
1.281,-0.283675,4.77482,0.514642
1.282,-0.283017,4.76881,0.512288
1.283,-0.282357,4.76277,0.509938
1.284,-0.281694,4.75669,0.507593
1.285,-0.281029,4.75059,0.505254
1.286,-0.280362,4.74445,0.502918
1.287,-0.279693,4.73828,0.500588
1.288,-0.279021,4.73207,0.498263
1.289,-0.278347,4.72584,0.495942
1.29,-0.277671,4.71957,0.493626
1.291,-0.276993,4.71327,0.491315
1.292,-0.276312,4.70693,0.489009
1.293,-0.275628,4.70056,0.486708
1.294,-0.274942,4.69416,0.484411
1.295,-0.274254,4.68773,0.482119
1.296,-0.273563,4.68126,0.479832
1.297,-0.272869,4.67477,0.47755
1.298,-0.272173,4.66823,0.475273
1.299,-0.271475,4.66167,0.473
1.3,-0.270773,4.65507,0.470732
1.301,-0.270069,4.64844,0.468469
1.302,-0.269363,4.64178,0.46621
1.303,-0.268653,4.63508,0.463957
1.304,-0.267941,4.62835,0.461708
1.305,-0.267226,4.62158,0.459463
1.306,-0.266509,4.61479,0.457224
1.307,-0.265788,4.60795,0.454989
1.308,-0.265064,4.60109,0.452759
1.309,-0.264338,4.59419,0.450534
1.31,-0.263609,4.58726,0.448313
1.311,-0.262876,4.58029,0.446098
1.312,-0.262141,4.57329,0.443886
1.313,-0.261402,4.56626,0.44168
1.314,-0.260661,4.55919,0.439478
1.315,-0.259916,4.55209,0.437281
1.316,-0.259169,4.54496,0.435089
1.317,-0.258418,4.53779,0.432901
1.318,-0.257664,4.53059,0.430718
1.319,-0.256906,4.52335,0.42854
1.32,-0.256146,4.51608,0.426366
1.321,-0.255382,4.50877,0.424197
1.322,-0.254615,4.50143,0.422033
1.323,-0.253844,4.49406,0.419873
1.324,-0.25307,4.48665,0.417718
1.325,-0.252293,4.47921,0.415568
1.326,-0.251512,4.47173,0.413422
1.327,-0.250728,4.46422,0.411281
1.328,-0.24994,4.45667,0.409145
1.329,-0.249149,4.44909,0.407013
1.33,-0.248354,4.44148,0.404886
1.331,-0.247555,4.43383,0.402763
1.332,-0.246753,4.42614,0.400645
1.333,-0.245947,4.41842,0.398532
1.334,-0.245138,4.41067,0.396423
1.335,-0.244324,4.40288,0.394319
1.336,-0.243507,4.39505,0.392219
1.337,-0.242687,4.38719,0.390124
1.338,-0.241862,4.3793,0.388034
1.339,-0.241033,4.37137,0.385948
1.34,-0.240201,4.36341,0.383867
1.341,-0.239365,4.35541,0.38179
1.342,-0.238524,4.34737,0.379718
1.343,-0.23768,4.3393,0.37765
1.344,-0.236832,4.33119,0.375587
1.345,-0.23598,4.32305,0.373529
1.346,-0.235123,4.31487,0.371475
1.347,-0.234263,4.30666,0.369425
1.348,-0.233398,4.29842,0.36738
1.349,-0.23253,4.29013,0.36534
1.35,-0.231657,4.28181,0.363304
1.351,-0.23078,4.27346,0.361273
1.352,-0.229899,4.26507,0.359246
1.353,-0.229013,4.25664,0.357224
1.354,-0.228123,4.24818,0.355206
1.355,-0.227229,4.23969,0.353193
1.356,-0.226331,4.23115,0.351184
1.357,-0.225428,4.22259,0.349179
1.358,-0.224521,4.21398,0.347179
1.359,-0.223609,4.20534,0.345184
1.36,-0.222693,4.19667,0.343193
1.361,-0.221772,4.18796,0.341207
1.362,-0.220848,4.17921,0.339225
1.363,-0.219918,4.17043,0.337247
1.364,-0.218984,4.16161,0.335274
1.365,-0.218046,4.15275,0.333305
1.366,-0.217102,4.14386,0.331341
1.367,-0.216155,4.13494,0.329381
1.368,-0.215202,4.12598,0.327426
1.369,-0.214246,4.11698,0.325475
1.37,-0.213284,4.10795,0.323528
1.371,-0.212318,4.09888,0.321586
1.372,-0.211347,4.08977,0.319648
1.373,-0.210371,4.08063,0.317715
1.374,-0.209391,4.07146,0.315786
1.375,-0.208406,4.06225,0.313861
1.376,-0.207417,4.053,0.311941
1.377,-0.206422,4.04372,0.310025
1.378,-0.205423,4.0344,0.308113
1.379,-0.204419,4.02504,0.306206
1.38,-0.20341,4.01566,0.304304
1.381,-0.202397,4.00623,0.302405
1.382,-0.201379,3.99677,0.300511
1.383,-0.200355,3.98728,0.298621
1.384,-0.199328,3.97775,0.296736
1.385,-0.198295,3.96818,0.294855
1.386,-0.197257,3.95858,0.292978
1.387,-0.196215,3.94895,0.291106
1.388,-0.195168,3.93928,0.289238
1.389,-0.194116,3.92958,0.287374
1.39,-0.19306,3.91984,0.285515
1.391,-0.191998,3.91007,0.283659
1.392,-0.190932,3.90026,0.281808
1.393,-0.189861,3.89042,0.279962
1.394,-0.188785,3.88055,0.27812
1.395,-0.187704,3.87064,0.276282
1.396,-0.186619,3.86069,0.274448
1.397,-0.185529,3.85072,0.272618
1.398,-0.184434,3.84071,0.270793
1.399,-0.183334,3.83067,0.268972
1.4,-0.18223,3.82059,0.267155
1.401,-0.181121,3.81049,0.265343
1.402,-0.180007,3.80035,0.263535
1.403,-0.178889,3.79017,0.261731
1.404,-0.177766,3.77997,0.259931
1.405,-0.176638,3.76973,0.258135
1.406,-0.175506,3.75947,0.256344
1.407,-0.174369,3.74917,0.254557
1.408,-0.173228,3.73884,0.252774
1.409,-0.172082,3.72848,0.250995
1.41,-0.170932,3.71808,0.249221
1.411,-0.169778,3.70766,0.24745
1.412,-0.168619,3.69721,0.245684
1.413,-0.167455,3.68673,0.243922
1.414,-0.166288,3.67622,0.242164
1.415,-0.165116,3.66568,0.240411
1.416,-0.16394,3.65511,0.238661
1.417,-0.162759,3.64452,0.236916
1.418,-0.161575,3.63389,0.235175
1.419,-0.160386,3.62324,0.233438
1.42,-0.159194,3.61257,0.231705
1.421,-0.157997,3.60186,0.229976
1.422,-0.156797,3.59113,0.228251
1.423,-0.155593,3.58037,0.226531
1.424,-0.154384,3.56959,0.224814
1.425,-0.153173,3.55878,0.223102
1.426,-0.151957,3.54795,0.221394
1.427,-0.150738,3.5371,0.21969
1.428,-0.149515,3.52622,0.21799
1.429,-0.148289,3.51532,0.216294
1.43,-0.14706,3.50439,0.214602
1.431,-0.145827,3.49345,0.212914
1.432,-0.144591,3.48248,0.211231
1.433,-0.143351,3.47149,0.209551
1.434,-0.142109,3.46048,0.207875
1.435,-0.140864,3.44945,0.206204
1.436,-0.139615,3.4384,0.204536
1.437,-0.138364,3.42734,0.202873
1.438,-0.13711,3.41625,0.201214
1.439,-0.135854,3.40515,0.199558
1.44,-0.134594,3.39403,0.197907
1.441,-0.133333,3.38289,0.19626
1.442,-0.132069,3.37174,0.194616
1.443,-0.130802,3.36058,0.192977
1.444,-0.129534,3.3494,0.191342
1.445,-0.128263,3.3382,0.18971
1.446,-0.12699,3.327,0.188083
1.447,-0.125715,3.31578,0.18646
1.448,-0.124439,3.30455,0.18484
1.449,-0.123161,3.29331,0.183225
1.45,-0.121881,3.28205,0.181614
1.451,-0.120599,3.27079,0.180006
1.452,-0.119317,3.25952,0.178403
1.453,-0.118033,3.24824,0.176803
1.454,-0.116747,3.23696,0.175208
1.455,-0.115461,3.22566,0.173616
1.456,-0.114174,3.21437,0.172028
1.457,-0.112886,3.20306,0.170444
1.458,-0.111597,3.19175,0.168865
1.459,-0.110307,3.18044,0.167289
1.46,-0.109017,3.16913,0.165717
1.461,-0.107726,3.15781,0.164148
1.462,-0.106436,3.14649,0.162584
1.463,-0.105144,3.13517,0.161024
1.464,-0.103853,3.12385,0.159467
1.465,-0.102562,3.11253,0.157915
1.466,-0.101271,3.10121,0.156366
1.467,-0.0999802,3.08989,0.154821
1.468,-0.0986897,3.07858,0.15328
1.469,-0.0973997,3.06727,0.151743
1.47,-0.0961102,3.05596,0.15021
1.471,-0.0948214,3.04466,0.148681
1.472,-0.0935334,3.03337,0.147155
1.473,-0.0922463,3.02208,0.145633
1.474,-0.0909602,3.0108,0.144116
1.475,-0.0896751,2.99953,0.142602
1.476,-0.0883913,2.98826,0.141091
1.477,-0.0871088,2.97701,0.139585
1.478,-0.0858277,2.96576,0.138082
1.479,-0.0845482,2.95453,0.136583
1.48,-0.0832702,2.9433,0.135088
1.481,-0.081994,2.93209,0.133597
1.482,-0.0807196,2.92089,0.13211
1.483,-0.0794471,2.90971,0.130626
1.484,-0.0781766,2.89854,0.129146
1.485,-0.0769082,2.88738,0.12767
1.486,-0.075642,2.87624,0.126198
1.487,-0.0743781,2.86512,0.124729
1.488,-0.0731166,2.85401,0.123264
1.489,-0.0718575,2.84292,0.121803
1.49,-0.070601,2.83184,0.120346
1.491,-0.0693472,2.82079,0.118892
1.492,-0.068096,2.80975,0.117442
1.493,-0.0668477,2.79873,0.115996
1.494,-0.0656023,2.78774,0.114554
1.495,-0.0643598,2.77676,0.113115
1.496,-0.0631203,2.76581,0.11168
1.497,-0.061884,2.75487,0.110249
1.498,-0.0606509,2.74396,0.108821
1.499,-0.059421,2.73307,0.107397
1.5,-0.0581944,2.72221,0.105977
1.501,-0.0569712,2.71137,0.10456
1.502,-0.0557515,2.70055,0.103147
1.503,-0.0545353,2.68976,0.101738
1.504,-0.0533227,2.67899,0.100332
1.505,-0.0521137,2.66825,0.0989304
1.506,-0.0509084,2.65753,0.0975321
1.507,-0.0497068,2.64684,0.0961374
1.508,-0.0485091,2.63617,0.0947464
1.509,-0.0473152,2.62554,0.093359
1.51,-0.0461252,2.61493,0.0919752
1.511,-0.0449391,2.60435,0.0905951
1.512,-0.043757,2.59379,0.0892186
1.513,-0.042579,2.58327,0.0878456
1.514,-0.0414051,2.57277,0.0864763
1.515,-0.0402352,2.56231,0.0851106
1.516,-0.0390696,2.55187,0.0837485
1.517,-0.0379081,2.54146,0.0823899
1.518,-0.0367508,2.53108,0.0810349
1.519,-0.0355978,2.52074,0.0796835
1.52,-0.0344491,2.51042,0.0783357
1.521,-0.0333047,2.50013,0.0769915
1.522,-0.0321646,2.48988,0.0756507
1.523,-0.0310289,2.47966,0.0743136
1.524,-0.0298976,2.46947,0.07298
1.525,-0.0287706,2.45931,0.0716499
1.526,-0.0276482,2.44918,0.0703234
1.527,-0.0265301,2.43908,0.0690004
1.528,-0.0254166,2.42902,0.0676809
1.529,-0.0243075,2.41899,0.0663649
1.53,-0.0232029,2.40899,0.0650525
1.531,-0.0221028,2.39903,0.0637435
1.532,-0.0210072,2.3891,0.0624381
1.533,-0.0199162,2.3792,0.0611361
1.534,-0.0188297,2.36934,0.0598377
1.535,-0.0177477,2.35951,0.0585427
1.536,-0.0166702,2.34971,0.0572512
1.537,-0.0155974,2.33995,0.0559631
1.538,-0.014529,2.33022,0.0546786
1.539,-0.0134652,2.32053,0.0533975
1.54,-0.012406,2.31087,0.0521198
1.541,-0.0113513,2.30124,0.0508456
1.542,-0.0103012,2.29165,0.0495749
1.543,-0.00925558,2.28209,0.0483075
1.544,-0.00821452,2.27257,0.0470436
1.545,-0.00717799,2.26308,0.0457832
1.546,-0.00614599,2.25363,0.0445261
1.547,-0.0051185,2.24421,0.0432725
1.548,-0.00409552,2.23483,0.0420223
1.549,-0.00307704,2.22548,0.0407755
1.55,-0.00206304,2.21617,0.0395321
1.551,-0.00105352,2.20689,0.0382921
1.552,-4.84612e-05,2.19765,0.0370554
1.553,0.000952152,2.18844,0.0358222
1.554,0.00194833,2.17927,0.0345923
1.555,0.0029401,2.17013,0.0333658
1.556,0.00392746,2.16103,0.0321427
1.557,0.00491044,2.15196,0.0309229
1.558,0.00588905,2.14293,0.0297064
1.559,0.00686331,2.13394,0.0284934
1.56,0.00783325,2.12498,0.0272836
1.561,0.00879888,2.11605,0.0260772
1.562,0.00976022,2.10716,0.0248742
1.563,0.0107173,2.09831,0.0236744
1.564,0.0116701,2.08949,0.022478
1.565,0.0126187,2.08071,0.0212849
1.566,0.0135631,2.07196,0.0200951
1.567,0.0145034,2.06325,0.0189086
1.568,0.0154395,2.05457,0.0177254
1.569,0.0163714,2.04593,0.0165454
1.57,0.0172993,2.03732,0.0153688
1.571,0.018223,2.02875,0.0141955
1.572,0.0191428,2.02021,0.0130254
1.573,0.0200585,2.01171,0.0118586
1.574,0.0209702,2.00325,0.0106951
1.575,0.0218779,1.99482,0.00953479
1.576,0.0227817,1.98642,0.00837776
1.577,0.0236816,1.97806,0.00722398
1.578,0.0245776,1.96974,0.00607345
1.579,0.0254697,1.96145,0.00492614
1.58,0.026358,1.95319,0.00378207
1.581,0.0272425,1.94497,0.00264123
1.582,0.0281233,1.93679,0.0015036
1.583,0.0290003,1.92864,0.000369188
1.584,0.0298736,1.92053,-0.000762017
1.585,0.0307432,1.91245,-0.00189002
1.586,0.0316091,1.9044,-0.00301482
1.587,0.0324715,1.89639,-0.00413644
1.588,0.0333303,1.88842,-0.00525487
1.589,0.0341855,1.88048,-0.00637011
1.59,0.0350371,1.87257,-0.00748218
1.591,0.0358853,1.8647,-0.00859109
1.592,0.0367301,1.85686,-0.00969682
1.593,0.0375714,1.84906,-0.0107994
1.594,0.0384093,1.8413,-0.0118988
1.595,0.0392438,1.83356,-0.0129951
1.596,0.040075,1.82586,-0.0140882
1.597,0.0409029,1.8182,-0.0151782
1.598,0.0417275,1.81057,-0.0162651
1.599,0.0425489,1.80298,-0.0173489
1.6,0.0433671,1.79542,-0.0184295
1.601,0.0441821,1.78789,-0.019507
1.602,0.044994,1.7804,-0.0205814
1.603,0.0458028,1.77294,-0.0216527
1.604,0.0466085,1.76552,-0.0227209
1.605,0.0474112,1.75813,-0.023786
1.606,0.0482108,1.75077,-0.024848
1.607,0.0490075,1.74345,-0.025907
1.608,0.0498013,1.73616,-0.0269628
1.609,0.0505921,1.72891,-0.0280156
1.61,0.0513801,1.72168,-0.0290653
1.611,0.0521652,1.7145,-0.030112
1.612,0.0529475,1.70735,-0.0311556
1.613,0.053727,1.70023,-0.0321962
1.614,0.0545038,1.69314,-0.0332337
1.615,0.0552779,1.68609,-0.0342682
1.616,0.0560492,1.67907,-0.0352996
1.617,0.056818,1.67208,-0.0363281
1.618,0.0575841,1.66513,-0.0373535
1.619,0.0583477,1.65821,-0.0383758
1.62,0.0591086,1.65133,-0.0393952
1.621,0.0598671,1.64448,-0.0404116
1.622,0.0606231,1.63766,-0.041425
1.623,0.0613766,1.63087,-0.0424353
1.624,0.0621278,1.62412,-0.0434427
1.625,0.0628765,1.6174,-0.0444471
1.626,0.0636228,1.61072,-0.0454485
1.627,0.0643669,1.60406,-0.046447
1.628,0.0651086,1.59744,-0.0474425
1.629,0.0658481,1.59085,-0.048435
1.63,0.0665853,1.5843,-0.0494245
1.631,0.0673204,1.57778,-0.0504112
1.632,0.0680533,1.57129,-0.0513948
1.633,0.068784,1.56483,-0.0523755
1.634,0.0695126,1.55841,-0.0533533
1.635,0.0702392,1.55202,-0.0543282
1.636,0.0709637,1.54566,-0.0553001
1.637,0.0716862,1.53933,-0.0562691
1.638,0.0724067,1.53304,-0.0572352
1.639,0.0731252,1.52678,-0.0581984
1.64,0.0738418,1.52055,-0.0591587
1.641,0.0745566,1.51435,-0.0601161
1.642,0.0752694,1.50819,-0.0610706
1.643,0.0759804,1.50206,-0.0620222
1.644,0.0766897,1.49596,-0.0629709
1.645,0.0773971,1.48989,-0.0639168
1.646,0.0781028,1.48386,-0.0648598
1.647,0.0788068,1.47785,-0.0657999
1.648,0.079509,1.47188,-0.0667371
1.649,0.0802096,1.46594,-0.0676715
1.65,0.0809086,1.46004,-0.0686031
1.651,0.081606,1.45416,-0.0695318
1.652,0.0823018,1.44832,-0.0704577
1.653,0.0829961,1.4425,-0.0713807
1.654,0.0836888,1.43673,-0.0723009
1.655,0.08438,1.43098,-0.0732183
1.656,0.0850698,1.42526,-0.0741328
1.657,0.0857581,1.41958,-0.0750446
1.658,0.086445,1.41392,-0.0759535
1.659,0.0871305,1.4083,-0.0768596
1.66,0.0878147,1.40271,-0.077763
1.661,0.0884975,1.39715,-0.0786635
1.662,0.089179,1.39163,-0.0795613
1.663,0.0898593,1.38613,-0.0804562
1.664,0.0905383,1.38067,-0.0813484
1.665,0.091216,1.37523,-0.0822379
1.666,0.0918926,1.36983,-0.0831245
1.667,0.0925679,1.36446,-0.0840084
1.668,0.0932422,1.35912,-0.0848896
1.669,0.0939153,1.35381,-0.0857679
1.67,0.0945872,1.34854,-0.0866436
1.671,0.0952581,1.34329,-0.0875165
1.672,0.095928,1.33808,-0.0883867
1.673,0.0965968,1.33289,-0.0892541
1.674,0.0972646,1.32774,-0.0901188
1.675,0.0979315,1.32262,-0.0909808
1.676,0.0985973,1.31753,-0.0918401
1.677,0.0992623,1.31247,-0.0926967
1.678,0.0999263,1.30744,-0.0935506
1.679,0.100589,1.30244,-0.0944017
1.68,0.101252,1.29747,-0.0952502
1.681,0.101913,1.29254,-0.096096
1.682,0.102574,1.28763,-0.0969391
1.683,0.103233,1.28275,-0.0977795
1.684,0.103892,1.27791,-0.0986173
1.685,0.104551,1.2731,-0.0994524
1.686,0.105208,1.26831,-0.100285
1.687,0.105865,1.26356,-0.101115
1.688,0.106521,1.25884,-0.101942
1.689,0.107177,1.25414,-0.102766
1.69,0.107831,1.24948,-0.103588
1.691,0.108485,1.24485,-0.104407
1.692,0.109139,1.24025,-0.105224
1.693,0.109792,1.23568,-0.106038
1.694,0.110444,1.23114,-0.106849
1.695,0.111096,1.22663,-0.107658
1.696,0.111747,1.22215,-0.108464
1.697,0.112398,1.2177,-0.109267
1.698,0.113049,1.21328,-0.110068
1.699,0.113698,1.20889,-0.110866
1.7,0.114348,1.20453,-0.111662
1.701,0.114997,1.2002,-0.112455
1.702,0.115645,1.1959,-0.113246
1.703,0.116293,1.19163,-0.114034
1.704,0.116941,1.18739,-0.114819
1.705,0.117588,1.18318,-0.115602
1.706,0.118235,1.179,-0.116382
1.707,0.118882,1.17485,-0.11716
1.708,0.119528,1.17072,-0.117935
1.709,0.120174,1.16663,-0.118707
1.71,0.12082,1.16257,-0.119477
1.711,0.121466,1.15854,-0.120245
1.712,0.122111,1.15454,-0.12101
1.713,0.122756,1.15057,-0.121772
1.714,0.123401,1.14662,-0.122532
1.715,0.124045,1.14271,-0.12329
1.716,0.12469,1.13883,-0.124045
1.717,0.125334,1.13497,-0.124797
1.718,0.125978,1.13115,-0.125547
1.719,0.126622,1.12735,-0.126294
1.72,0.127266,1.12358,-0.127039
1.721,0.12791,1.11985,-0.127782
1.722,0.128554,1.11614,-0.128522
1.723,0.129197,1.11246,-0.129259
1.724,0.129841,1.10881,-0.129994
1.725,0.130484,1.10519,-0.130727
1.726,0.131128,1.1016,-0.131457
1.727,0.131771,1.09804,-0.132184
1.728,0.132415,1.09451,-0.132909
1.729,0.133058,1.091,-0.133632
1.73,0.133701,1.08753,-0.134352
1.731,0.134345,1.08408,-0.13507
1.732,0.134988,1.08067,-0.135786
1.733,0.135632,1.07728,-0.136499
1.734,0.136276,1.07392,-0.137209
1.735,0.136919,1.07059,-0.137917
1.736,0.137563,1.06729,-0.138623
1.737,0.138207,1.06402,-0.139326
1.738,0.138851,1.06078,-0.140027
1.739,0.139495,1.05756,-0.140726
1.74,0.14014,1.05438,-0.141422
1.741,0.140784,1.05122,-0.142116
1.742,0.141429,1.04809,-0.142807
1.743,0.142074,1.04499,-0.143496
1.744,0.142719,1.04192,-0.144183
1.745,0.143364,1.03888,-0.144867
1.746,0.144009,1.03586,-0.145549
1.747,0.144655,1.03288,-0.146228
1.748,0.145301,1.02992,-0.146905
1.749,0.145947,1.02699,-0.14758
1.75,0.146593,1.02409,-0.148252
1.751,0.14724,1.02122,-0.148923
1.752,0.147887,1.01838,-0.14959
1.753,0.148534,1.01556,-0.150256
1.754,0.149181,1.01277,-0.150919
1.755,0.149829,1.01001,-0.15158
1.756,0.150477,1.00728,-0.152238
1.757,0.151125,1.00458,-0.152894
1.758,0.151774,1.00191,-0.153548
1.759,0.152423,0.999262,-0.1542
1.76,0.153072,0.996644,-0.154849
1.761,0.153722,0.994055,-0.155496
1.762,0.154372,0.991493,-0.156141
1.763,0.155022,0.988959,-0.156783
1.764,0.155673,0.986454,-0.157423
1.765,0.156324,0.983976,-0.158061
1.766,0.156976,0.981526,-0.158697
1.767,0.157628,0.979105,-0.15933
1.768,0.15828,0.976711,-0.159961
1.769,0.158933,0.974345,-0.16059
1.77,0.159586,0.972006,-0.161216
1.771,0.16024,0.969696,-0.161841
1.772,0.160894,0.967413,-0.162463
1.773,0.161548,0.965159,-0.163082
1.774,0.162203,0.962932,-0.1637
1.775,0.162859,0.960732,-0.164315
1.776,0.163514,0.95856,-0.164929
1.777,0.164171,0.956416,-0.165539
1.778,0.164828,0.9543,-0.166148
1.779,0.165485,0.952211,-0.166755
1.78,0.166143,0.95015,-0.167359
1.781,0.166801,0.948116,-0.167961
1.782,0.16746,0.94611,-0.168561
1.783,0.168119,0.944131,-0.169159
1.784,0.168778,0.94218,-0.169754
1.785,0.169439,0.940256,-0.170348
1.786,0.1701,0.93836,-0.170939
1.787,0.170761,0.936491,-0.171528
1.788,0.171423,0.93465,-0.172115
1.789,0.172085,0.932835,-0.172699
1.79,0.172748,0.931049,-0.173282
1.791,0.173411,0.929289,-0.173862
1.792,0.174075,0.927557,-0.17444
1.793,0.17474,0.925852,-0.175016
1.794,0.175405,0.924174,-0.17559
1.795,0.176071,0.922524,-0.176162
1.796,0.176737,0.920901,-0.176732
1.797,0.177404,0.919305,-0.177299
1.798,0.178071,0.917736,-0.177865
1.799,0.178739,0.916194,-0.178428
1.8,0.179408,0.914679,-0.178989
1.801,0.180077,0.913192,-0.179548
1.802,0.180747,0.911732,-0.180105
1.803,0.181417,0.910298,-0.18066
1.804,0.182088,0.908892,-0.181213
1.805,0.182759,0.907513,-0.181764
1.806,0.183432,0.90616,-0.182312
1.807,0.184104,0.904835,-0.182859
1.808,0.184778,0.903537,-0.183403
1.809,0.185452,0.902266,-0.183946
1.81,0.186126,0.901021,-0.184486
1.811,0.186801,0.899804,-0.185024
1.812,0.187477,0.898613,-0.18556
1.813,0.188154,0.897449,-0.186094
1.814,0.188831,0.896313,-0.186626
1.815,0.189509,0.895203,-0.187156
1.816,0.190187,0.89412,-0.187684
1.817,0.190866,0.893063,-0.18821
1.818,0.191546,0.892034,-0.188734
1.819,0.192226,0.891031,-0.189256
1.82,0.192907,0.890055,-0.189776
1.821,0.193588,0.889106,-0.190294
1.822,0.194271,0.888184,-0.19081
1.823,0.194954,0.887288,-0.191324
1.824,0.195637,0.88642,-0.191835
1.825,0.196321,0.885577,-0.192345
1.826,0.197006,0.884762,-0.192853
1.827,0.197692,0.883973,-0.193359
1.828,0.198378,0.883211,-0.193863
1.829,0.199065,0.882476,-0.194365
1.83,0.199752,0.881767,-0.194865
1.831,0.20044,0.881085,-0.195362
1.832,0.201129,0.88043,-0.195858
1.833,0.201819,0.879801,-0.196352
1.834,0.202509,0.879199,-0.196844
1.835,0.2032,0.878623,-0.197334
1.836,0.203891,0.878074,-0.197823
1.837,0.204584,0.877552,-0.198309
1.838,0.205276,0.877056,-0.198793
1.839,0.20597,0.876587,-0.199275
1.84,0.206664,0.876144,-0.199755
1.841,0.207359,0.875728,-0.200234
1.842,0.208055,0.875339,-0.20071
1.843,0.208751,0.874976,-0.201185
1.844,0.209448,0.874639,-0.201657
1.845,0.210146,0.874329,-0.202128
1.846,0.210844,0.874046,-0.202597
1.847,0.211543,0.873789,-0.203064
1.848,0.212242,0.873559,-0.203529
1.849,0.212943,0.873355,-0.203992
1.85,0.213644,0.873178,-0.204453
1.851,0.214346,0.873027,-0.204912
1.852,0.215048,0.872903,-0.20537
1.853,0.215751,0.872806,-0.205825
1.854,0.216455,0.872734,-0.206279
1.855,0.217159,0.87269,-0.206731
1.856,0.217864,0.872672,-0.207181
1.857,0.21857,0.87268,-0.207629
1.858,0.219276,0.872715,-0.208075
1.859,0.219984,0.872776,-0.208519
1.86,0.220691,0.872864,-0.208962
1.861,0.2214,0.872979,-0.209402
1.862,0.222109,0.873119,-0.209841
1.863,0.222819,0.873287,-0.210278
1.864,0.223529,0.873481,-0.210713
1.865,0.22424,0.873701,-0.211147
1.866,0.224952,0.873948,-0.211578
1.867,0.225665,0.874221,-0.212008
1.868,0.226378,0.874521,-0.212436
1.869,0.227092,0.874848,-0.212862
1.87,0.227806,0.875201,-0.213286
1.871,0.228522,0.87558,-0.213708
1.872,0.229238,0.875986,-0.214129
1.873,0.229954,0.876419,-0.214547
1.874,0.230671,0.876878,-0.214964
1.875,0.231389,0.877364,-0.21538
1.876,0.232108,0.877876,-0.215793
1.877,0.232827,0.878415,-0.216205
1.878,0.233547,0.87898,-0.216615
1.879,0.234267,0.879572,-0.217023
1.88,0.234988,0.880191,-0.217429
1.881,0.23571,0.880836,-0.217834
1.882,0.236432,0.881507,-0.218236
1.883,0.237156,0.882206,-0.218637
1.884,0.237879,0.88293,-0.219037
1.885,0.238604,0.883682,-0.219434
1.886,0.239329,0.88446,-0.21983
1.887,0.240054,0.885265,-0.220224
1.888,0.240781,0.886096,-0.220616
1.889,0.241507,0.886955,-0.221007
1.89,0.242235,0.887839,-0.221396
1.891,0.242963,0.888751,-0.221783
1.892,0.243692,0.889689,-0.222168
1.893,0.244421,0.890654,-0.222552
1.894,0.245151,0.891645,-0.222934
1.895,0.245882,0.892664,-0.223314
1.896,0.246613,0.893709,-0.223693
1.897,0.247345,0.894781,-0.224069
1.898,0.248077,0.895879,-0.224445
1.899,0.248811,0.897004,-0.224818
1.9,0.249544,0.898157,-0.22519
1.901,0.250278,0.899336,-0.22556
1.902,0.251013,0.900541,-0.225928
1.903,0.251749,0.901774,-0.226295
1.904,0.252485,0.903033,-0.22666
1.905,0.253221,0.90432,-0.227023
1.906,0.253958,0.905633,-0.227385
1.907,0.254696,0.906973,-0.227745
1.908,0.255435,0.90834,-0.228103
1.909,0.256173,0.909734,-0.22846
1.91,0.256913,0.911155,-0.228815
1.911,0.257653,0.912603,-0.229169
1.912,0.258393,0.914078,-0.22952
1.913,0.259134,0.91558,-0.229871
1.914,0.259876,0.917109,-0.230219
1.915,0.260618,0.918665,-0.230566
1.916,0.261361,0.920248,-0.230911
1.917,0.262104,0.921858,-0.231255
1.918,0.262848,0.923496,-0.231597
1.919,0.263592,0.92516,-0.231937
1.92,0.264337,0.926852,-0.232276
1.921,0.265082,0.92857,-0.232613
1.922,0.265828,0.930316,-0.232949
1.923,0.266574,0.932089,-0.233283
1.924,0.267321,0.933889,-0.233615
1.925,0.268068,0.935717,-0.233946
1.926,0.268816,0.937572,-0.234275
1.927,0.269564,0.939454,-0.234603
1.928,0.270313,0.941363,-0.234929
1.929,0.271062,0.9433,-0.235253
1.93,0.271811,0.945264,-0.235576
1.931,0.272561,0.947256,-0.235897
1.932,0.273312,0.949275,-0.236217
1.933,0.274063,0.951321,-0.236535
1.934,0.274814,0.953395,-0.236852
1.935,0.275566,0.955496,-0.237167
1.936,0.276318,0.957625,-0.23748
1.937,0.27707,0.959781,-0.237792
1.938,0.277823,0.961965,-0.238103
1.939,0.278577,0.964176,-0.238411
1.94,0.27933,0.966415,-0.238719
1.941,0.280084,0.968682,-0.239025
1.942,0.280839,0.970976,-0.239329
1.943,0.281594,0.973298,-0.239632
1.944,0.282349,0.975647,-0.239933
1.945,0.283104,0.978025,-0.240232
1.946,0.28386,0.98043,-0.240531
1.947,0.284616,0.982863,-0.240827
1.948,0.285373,0.985323,-0.241122
1.949,0.28613,0.987812,-0.241416
1.95,0.286887,0.990328,-0.241708
1.951,0.287644,0.992873,-0.241999
1.952,0.288402,0.995445,-0.242288
1.953,0.28916,0.998045,-0.242576
1.954,0.289918,1.00067,-0.242862
1.955,0.290677,1.00333,-0.243147
1.956,0.291436,1.00601,-0.24343
1.957,0.292195,1.00873,-0.243712
1.958,0.292954,1.01147,-0.243992
1.959,0.293713,1.01423,-0.244271
1.96,0.294473,1.01703,-0.244548
1.961,0.295233,1.01985,-0.244824
1.962,0.295993,1.02271,-0.245098
1.963,0.296753,1.02559,-0.245371
1.964,0.297513,1.0285,-0.245643
1.965,0.298274,1.03144,-0.245913
1.966,0.299035,1.0344,-0.246182
1.967,0.299796,1.0374,-0.246449
1.968,0.300557,1.04042,-0.246714
1.969,0.301318,1.04347,-0.246979
1.97,0.302079,1.04655,-0.247242
1.971,0.30284,1.04966,-0.247503
1.972,0.303602,1.05279,-0.247763
1.973,0.304363,1.05596,-0.248022
1.974,0.305124,1.05915,-0.248279
1.975,0.305886,1.06237,-0.248535
1.976,0.306648,1.06562,-0.248789
1.977,0.307409,1.0689,-0.249042
1.978,0.308171,1.07221,-0.249294
1.979,0.308932,1.07555,-0.249544
1.98,0.309694,1.07891,-0.249793
1.981,0.310455,1.08231,-0.25004
1.982,0.311217,1.08573,-0.250286
1.983,0.311978,1.08918,-0.250531
1.984,0.31274,1.09266,-0.250774
1.985,0.313501,1.09617,-0.251016
1.986,0.314262,1.09971,-0.251256
1.987,0.315023,1.10328,-0.251496
1.988,0.315784,1.10687,-0.251733
1.989,0.316545,1.1105,-0.25197
1.99,0.317306,1.11416,-0.252205
1.991,0.318066,1.11784,-0.252439
1.992,0.318826,1.12155,-0.252671
1.993,0.319586,1.12529,-0.252902
1.994,0.320346,1.12906,-0.253131
1.995,0.321106,1.13287,-0.25336
1.996,0.321865,1.13669,-0.253587
1.997,0.322624,1.14055,-0.253812
1.998,0.323383,1.14444,-0.254037
1.999,0.324142,1.14836,-0.25426
2,0.3249,1.15231,-0.254481
2.001,0.325658,1.15628,-0.254702
