0.002,1.93431e-23,0.649961,-5.32907e-21,-1.0472,1.5708,3.08382e-20,1.5708
0.004,2.7533e-22,0.649882,-8.88178e-21,-1.0472,1.5708,6.5993e-20,1.5708
0.006,5.5066e-22,0.649765,-2.30926e-20,-1.0472,1.5708,1.40721e-19,1.5708
0.008,9.52303e-22,0.649608,-4.79616e-20,-1.0472,1.5708,2.40713e-19,1.5708
0.01,1.48362e-21,0.649411,-6.39488e-20,-1.0472,1.5708,3.33922e-19,1.5708
0.012,2.14125e-21,0.649176,-7.4607e-20,-1.0472,1.5708,4.26187e-19,1.5708
0.014,2.7681e-21,0.648901,-7.63833e-20,-1.0472,1.5708,5.26253e-19,1.5708
0.016,3.25383e-21,0.648587,-8.17124e-20,-1.0472,1.5708,6.55065e-19,1.5708
0.018,3.81576e-21,0.648234,-8.70415e-20,-1.0472,1.5708,7.78164e-19,1.5708
0.02,4.3469e-21,0.647842,-9.23706e-20,-1.0472,1.5708,9.09858e-19,1.5708
0.022,4.8439e-21,0.64741,-9.41469e-20,-1.0472,1.5708,1.04434e-18,1.5708
0.024,5.30675e-21,0.646939,-9.23706e-20,-1.0472,1.5708,1.18161e-18,1.5708
0.026,5.8458e-21,0.646429,-8.34888e-20,-1.0472,1.5708,1.30153e-18,1.5708
0.028,6.35406e-21,0.64588,-7.4607e-20,-1.0472,1.5708,1.43003e-18,1.5708
0.03,6.98864e-21,0.645291,-5.50671e-20,-1.0472,1.5708,1.5351e-18,1.5708
0.032,7.58907e-21,0.644663,-3.90799e-20,-1.0472,1.5708,1.6546e-18,1.5708
0.034,8.26569e-21,0.643996,-1.59872e-20,-1.0472,1.5708,1.75674e-18,1.5708
0.036,8.90817e-21,0.64329,1.06581e-20,-1.0472,1.5708,1.86168e-18,1.5708
0.038,9.67696e-21,0.642544,4.79616e-20,-1.0472,1.5708,1.94316e-18,1.5708
0.04,1.0308e-20,0.64176,8.52651e-20,-1.0472,1.5708,2.0338e-18,1.5708
0.042,1.09049e-20,0.640936,1.26121e-19,-1.0472,1.5708,2.12722e-18,1.5708
0.044,1.1578e-20,0.640072,1.74083e-19,-1.0472,1.5708,2.20328e-18,1.5708
0.046,1.22169e-20,0.63917,2.25597e-19,-1.0472,1.5708,2.28213e-18,1.5708
0.048,1.28217e-20,0.638228,2.80664e-19,-1.0472,1.5708,2.36377e-18,1.5708
0.05,1.35027e-20,0.637247,3.42837e-19,-1.0472,1.5708,2.42805e-18,1.5708
0.052,1.41496e-20,0.636227,4.08562e-19,-1.0472,1.5708,2.49511e-18,1.5708
0.054,1.47623e-20,0.635167,4.7784e-19,-1.0472,1.5708,2.56497e-18,1.5708
0.056,1.54512e-20,0.634069,5.54223e-19,-1.0472,1.5708,2.61747e-18,1.5708
0.058,1.61059e-20,0.632931,6.34159e-19,-1.0472,1.5708,2.67275e-18,1.5708
0.06,1.67265e-20,0.631753,7.17648e-19,-1.0472,1.5708,2.73083e-18,1.5708
0.062,1.74233e-20,0.630537,8.08242e-19,-1.0472,1.5708,2.77154e-18,1.5708
0.064,1.8086e-20,0.629281,9.02389e-19,-1.0472,1.5708,2.81504e-18,1.5708
0.066,1.87179e-20,0.627986,9.96536e-19,-1.0472,1.5708,2.86714e-18,1.5708
0.068,1.94761e-20,0.626652,1.10134e-18,-1.0472,1.5708,2.8958e-18,1.5708
0.07,2.00965e-20,0.625279,1.20615e-18,-1.0472,1.5708,2.9336e-18,1.5708
0.072,2.06861e-20,0.623866,1.31095e-18,-1.0472,1.5708,2.97999e-18,1.5708
0.074,2.14021e-20,0.622414,1.42641e-18,-1.0472,1.5708,3.00295e-18,1.5708
0.076,2.20839e-20,0.620923,1.53833e-18,-1.0472,1.5708,3.04034e-18,1.5708
0.078,2.27316e-20,0.619393,1.65379e-18,-1.0472,1.5708,3.08052e-18,1.5708
0.08,2.33485e-20,0.617823,1.76925e-18,-1.0472,1.5708,3.12929e-18,1.5708
0.082,2.40917e-20,0.616214,1.89537e-18,-1.0472,1.5708,3.15463e-18,1.5708
0.084,2.48008e-20,0.614566,2.01794e-18,-1.0472,1.5708,3.1944e-18,1.5708
0.086,2.56362e-20,0.612879,2.15117e-18,-1.0472,1.5708,3.21073e-18,1.5708
0.088,2.64374e-20,0.611152,2.28084e-18,-1.0472,1.5708,3.2415e-18,1.5708
0.09,2.72079e-20,0.609387,2.41052e-18,-1.0472,1.5708,3.28086e-18,1.5708
0.092,2.81047e-20,0.607582,2.55085e-18,-1.0472,1.5708,3.29678e-18,1.5708
0.094,2.89673e-20,0.605737,2.68763e-18,-1.0472,1.5708,3.32714e-18,1.5708
0.096,2.99562e-20,0.603854,2.83507e-18,-1.0472,1.5708,3.33406e-18,1.5708
0.098,3.08074e-20,0.601931,2.9825e-18,-1.0472,1.5708,3.35012e-18,1.5708
0.1,3.16245e-20,0.599969,3.13349e-18,-1.0472,1.5708,3.36897e-18,1.5708
0.102,3.24074e-20,0.597968,3.28804e-18,-1.0472,1.5708,3.39061e-18,1.5708
0.104,3.31561e-20,0.595927,3.44613e-18,-1.0472,1.5708,3.41503e-18,1.5708
0.106,3.41382e-20,0.593848,3.61489e-18,-1.0472,1.5708,3.40171e-18,1.5708
0.108,3.48503e-20,0.591729,3.78186e-18,-1.0472,1.5708,3.41488e-18,1.5708
0.11,3.57957e-20,0.58957,3.96305e-18,-1.0472,1.5708,3.38448e-18,1.5708
0.112,3.66945e-20,0.587373,4.15312e-18,-1.0472,1.5708,3.34819e-18,1.5708
0.114,3.74398e-20,0.585136,4.34497e-18,-1.0472,1.5708,3.31821e-18,1.5708
0.116,3.82045e-20,0.58286,4.54392e-18,-1.0472,1.5708,3.28493e-18,1.5708
0.118,3.88691e-20,0.580545,4.74465e-18,-1.0472,1.5708,3.25769e-18,1.5708
0.12,3.94996e-20,0.578191,4.95959e-18,-1.0472,1.5708,3.21576e-18,1.5708
0.122,4.0096e-20,0.575797,5.18874e-18,-1.0472,1.5708,3.15915e-18,1.5708
0.124,4.05923e-20,0.573364,5.41966e-18,-1.0472,1.5708,3.10858e-18,1.5708
0.126,4.11079e-20,0.570892,5.6577e-18,-1.0472,1.5708,3.05471e-18,1.5708
0.128,4.16429e-20,0.568381,5.90283e-18,-1.0472,1.5708,2.99752e-18,1.5708
0.13,4.20779e-20,0.56583,6.14975e-18,-1.0472,1.5708,2.94638e-18,1.5708
0.132,4.25733e-20,0.56324,6.39844e-18,-1.0472,1.5708,2.88669e-18,1.5708
0.134,4.3195e-20,0.560611,6.65246e-18,-1.0472,1.5708,2.81229e-18,1.5708
0.136,4.36756e-20,0.557943,6.90648e-18,-1.0472,1.5708,2.76081e-18,1.5708
0.138,4.42826e-20,0.555235,7.16582e-18,-1.0472,1.5708,2.69463e-18,1.5708
0.14,4.49088e-20,0.552489,7.42517e-18,-1.0472,1.5708,2.63679e-18,1.5708
0.142,4.55544e-20,0.549703,7.68452e-18,-1.0472,1.5708,2.58729e-18,1.5708
0.144,4.62194e-20,0.546877,7.94387e-18,-1.0472,1.5708,2.54613e-18,1.5708
0.146,4.69447e-20,0.544013,8.20499e-18,-1.0472,1.5708,2.49643e-18,1.5708
0.148,4.76895e-20,0.541109,8.46612e-18,-1.0472,1.5708,2.45506e-18,1.5708
0.15,4.84535e-20,0.538166,8.72724e-18,-1.0472,1.5708,2.42203e-18,1.5708
0.152,4.93439e-20,0.535184,8.99369e-18,-1.0472,1.5708,2.3743e-18,1.5708
0.154,5.02536e-20,0.532162,9.26015e-18,-1.0472,1.5708,2.33491e-18,1.5708
0.156,5.11827e-20,0.529102,9.5266e-18,-1.0472,1.5708,2.30385e-18,1.5708
0.158,5.22003e-20,0.526002,9.7824e-18,-1.0472,1.5708,2.28449e-18,1.5708
0.16,5.33978e-20,0.522862,1.00346e-17,-1.0472,1.5708,2.26471e-18,1.5708
0.162,5.46681e-20,0.519684,1.02869e-17,-1.0472,1.5708,2.23923e-18,1.5708
0.164,5.60269e-20,0.516466,1.05285e-17,-1.0472,1.5708,2.22545e-18,1.5708
0.166,5.75656e-20,0.513209,1.07665e-17,-1.0472,1.5708,2.21124e-18,1.5708
0.168,5.90859e-20,0.509913,1.09939e-17,-1.0472,1.5708,2.20928e-18,1.5708
0.17,6.07859e-20,0.506578,1.12177e-17,-1.0472,1.5708,2.20689e-18,1.5708
0.172,6.24676e-20,0.503203,1.14309e-17,-1.0472,1.5708,2.21675e-18,1.5708
0.174,6.43292e-20,0.499789,1.16405e-17,-1.0472,1.5708,2.22618e-18,1.5708
0.176,6.64932e-20,0.496336,1.18572e-17,-1.0472,1.5708,2.20866e-18,1.5708
0.178,6.89063e-20,0.492844,1.20703e-17,-1.0472,1.5708,2.18193e-18,1.5708
0.18,7.14614e-20,0.489312,1.22835e-17,-1.0472,1.5708,2.15447e-18,1.5708
0.182,7.41051e-20,0.485741,1.2486e-17,-1.0472,1.5708,2.14402e-18,1.5708
0.184,7.69445e-20,0.482131,1.26956e-17,-1.0472,1.5708,2.10717e-18,1.5708
0.186,7.98723e-20,0.478482,1.28964e-17,-1.0472,1.5708,2.08442e-18,1.5708
0.188,8.28888e-20,0.474793,1.30864e-17,-1.0472,1.5708,2.07869e-18,1.5708
0.19,8.61009e-20,0.471066,1.32836e-17,-1.0472,1.5708,2.04655e-18,1.5708
0.192,8.94015e-20,0.467299,1.34719e-17,-1.0472,1.5708,2.02851e-18,1.5708
0.194,9.29512e-20,0.463492,1.36477e-17,-1.0472,1.5708,2.01583e-18,1.5708
0.196,9.64825e-20,0.459647,1.38325e-17,-1.0472,1.5708,1.98867e-18,1.5708
0.198,1.00263e-19,0.455762,1.40155e-17,-1.0472,1.5708,1.96316e-18,1.5708
0.2,1.04078e-19,0.451838,1.41789e-17,-1.0472,1.5708,1.98325e-18,1.5708
0.202,1.32686e-06,0.447871,2.34151e-05,-1.05087,1.57634,-4.51672e-05,1.57085
0.204,4.78452e-06,0.443886,-0.000190784,-1.05716,1.58634,0.000312409,1.57053
0.206,1.29269e-05,0.439903,-0.000775612,-1.06532,1.5999,0.00107996,1.57023
0.208,2.74574e-05,0.435937,-0.00183051,-1.07472,1.61626,0.00229874,1.56988
0.21,5.02838e-05,0.432003,-0.00340788,-1.08489,1.63476,0.00390363,1.56958
0.212,8.29978e-05,0.428111,-0.00553884,-1.09542,1.65487,0.00582897,1.56931
0.214,0.00012708,0.424269,-0.00823547,-1.10604,1.67614,0.00798971,1.5691
0.216,0.000183812,0.420484,-0.011499,-1.11649,1.69819,0.0103063,1.56893
0.218,0.000254326,0.416762,-0.0153226,-1.1266,1.72072,0.0127034,1.56879
0.22,0.000339607,0.413106,-0.019694,-1.13622,1.74347,0.0151152,1.56868
0.222,0.000440515,0.40952,-0.0245973,-1.14525,1.76625,0.017485,1.56859
0.224,0.000557801,0.406004,-0.0300143,-1.15361,1.7889,0.019766,1.56851
0.226,0.000692125,0.402562,-0.0359247,-1.16124,1.81128,0.0219202,1.56844
0.228,0.000844069,0.399193,-0.0423072,-1.1681,1.83329,0.0239176,1.56836
0.23,0.00101415,0.395897,-0.0491395,-1.17416,1.85486,0.0257356,1.56827
0.232,0.00120283,0.392675,-0.0563986,-1.17942,1.87593,0.0273573,1.56816
0.234,0.00141054,0.389526,-0.0640613,-1.18388,1.89646,0.0287715,1.56803
0.236,0.00163765,0.386449,-0.0721038,-1.18754,1.91641,0.029971,1.56789
0.238,0.00188452,0.383443,-0.0805022,-1.19042,1.93577,0.0309527,1.56771
0.24,0.00215003,0.3805,-0.0892475,-1.19254,1.95457,0.0328949,1.57215
0.242,0.00242646,0.377632,-0.09839,-1.19376,1.97274,0.0370402,1.57794
0.244,0.0027157,0.374841,-0.107689,-1.19438,1.99025,0.0426836,1.58491
0.246,0.00301854,0.372131,-0.116991,-1.1946,2.00705,0.0493409,1.59285
0.248,0.00336037,0.369951,-0.126676,-1.19218,2.02087,0.0576505,1.59901
0.25,0.00374424,0.368216,-0.136255,-1.18816,2.03212,0.0665989,1.60395
0.252,0.00417041,0.366853,-0.145428,-1.18326,2.04114,0.0755256,1.60808
0.254,0.00463746,0.365802,-0.154021,-1.17798,2.04828,0.0840127,1.61166
0.256,0.00514293,0.36501,-0.161945,-1.17266,2.05381,0.09181,1.6149
0.258,0.0056839,0.364432,-0.169166,-1.16752,2.05799,0.0987778,1.61792
0.26,0.00625723,0.364032,-0.17569,-1.1627,2.06101,0.104857,1.62083
0.262,0.00685967,0.363778,-0.181547,-1.15827,2.06308,0.110044,1.62368
0.264,0.007488,0.363643,-0.186783,-1.15426,2.06434,0.114374,1.62652
0.266,0.00813916,0.363604,-0.191453,-1.15068,2.06494,0.117904,1.62936
0.268,0.00881028,0.363642,-0.195615,-1.14752,2.065,0.120705,1.63222
0.27,0.00949873,0.363741,-0.199326,-1.14476,2.0646,0.122853,1.6351
0.272,0.0102022,0.363887,-0.202643,-1.14235,2.06384,0.124425,1.638
0.274,0.0109194,0.364074,-0.205625,-1.14023,2.06277,0.125492,1.64089
0.276,0.0116491,0.364298,-0.208324,-1.13836,2.06141,0.126116,1.64376
0.278,0.0123904,0.364555,-0.210792,-1.13667,2.05979,0.126372,1.64658
0.28,0.0131422,0.364846,-0.213078,-1.13509,2.05791,0.126341,1.64929
0.282,0.0139041,0.36517,-0.215215,-1.13357,2.0558,0.12608,1.65187
0.284,0.0146756,0.365527,-0.217227,-1.13208,2.05346,0.125627,1.65429
0.286,0.0154563,0.365914,-0.219131,-1.13061,2.0509,0.125007,1.65655
0.288,0.0162459,0.366332,-0.220941,-1.12914,2.04813,0.124241,1.65863
0.29,0.0170444,0.36678,-0.222664,-1.12766,2.04515,0.123343,1.66053
0.292,0.0178515,0.367255,-0.22431,-1.12617,2.04198,0.122322,1.66226
0.294,0.0186672,0.367757,-0.225884,-1.12467,2.03863,0.121188,1.66382
0.296,0.0194911,0.368286,-0.227391,-1.12315,2.03509,0.119949,1.66521
0.298,0.0203234,0.368839,-0.228835,-1.12162,2.03139,0.118609,1.66643
0.3,0.0211637,0.369415,-0.230221,-1.12007,2.02753,0.117176,1.6675
0.302,0.0220121,0.370014,-0.231552,-1.1185,2.02352,0.115655,1.66842
0.304,0.0228684,0.370633,-0.232832,-1.11692,2.01936,0.11405,1.6692
0.306,0.0237325,0.371273,-0.234064,-1.11532,2.01505,0.112366,1.66983
0.308,0.0246043,0.371932,-0.235251,-1.1137,2.01062,0.11061,1.67034
0.31,0.0254836,0.372607,-0.236396,-1.11208,2.00606,0.108784,1.67072
0.312,0.0263703,0.373299,-0.237501,-1.11044,2.00138,0.106893,1.67098
0.314,0.0272644,0.374007,-0.238571,-1.10878,1.99659,0.104943,1.67113
0.316,0.0281657,0.374728,-0.239606,-1.10711,1.99169,0.102937,1.67117
0.318,0.029074,0.375462,-0.240611,-1.10543,1.9867,0.100881,1.67112
0.32,0.0299893,0.376207,-0.241586,-1.10374,1.98161,0.0987776,1.67098
0.322,0.0309113,0.376963,-0.242535,-1.10204,1.97643,0.0966327,1.67074
0.324,0.03184,0.377728,-0.243459,-1.10033,1.97118,0.0944498,1.67043
0.326,0.0327752,0.378501,-0.24436,-1.09861,1.96585,0.0922325,1.67005
0.328,0.0337168,0.379281,-0.245242,-1.09689,1.96045,0.0899847,1.66959
0.33,0.0346645,0.380067,-0.246105,-1.09516,1.95499,0.0877097,1.66907
0.332,0.0356183,0.380858,-0.246952,-1.09342,1.94947,0.0854111,1.6685
0.334,0.0365779,0.381653,-0.247784,-1.09167,1.9439,0.0830921,1.66787
0.336,0.0375433,0.382449,-0.248604,-1.08993,1.93829,0.080756,1.6672
0.338,0.0385142,0.383248,-0.249413,-1.08818,1.93264,0.078406,1.66648
0.34,0.0394905,0.384047,-0.250214,-1.08642,1.92695,0.0760452,1.66573
0.342,0.040472,0.384845,-0.251008,-1.08467,1.92123,0.0736765,1.66495
0.344,0.0414585,0.385642,-0.251797,-1.08292,1.91549,0.0713029,1.66415
0.346,0.0424498,0.386436,-0.252583,-1.08116,1.90973,0.0689274,1.66332
0.348,0.0434458,0.387227,-0.253368,-1.07941,1.90395,0.0665531,1.66247
0.35,0.0444462,0.388013,-0.254154,-1.07766,1.89816,0.0641838,1.66161
0.352,0.0454509,0.388794,-0.254941,-1.07591,1.89236,0.0618232,1.66074
0.354,0.0464596,0.389569,-0.255733,-1.07417,1.88656,0.0594752,1.65987
0.356,0.0474721,0.390336,-0.25653,-1.07244,1.88076,0.0571432,1.65898
0.358,0.0484883,0.391095,-0.257333,-1.07071,1.87496,0.0548307,1.6581
0.36,0.049508,0.391846,-0.258143,-1.069,1.86918,0.0525406,1.65722
0.362,0.050531,0.392586,-0.258963,-1.06729,1.86341,0.050276,1.65634
0.364,0.051557,0.393316,-0.259791,-1.0656,1.85766,0.0480394,1.65547
0.366,0.0525859,0.394034,-0.260631,-1.06393,1.85194,0.045833,1.65461
0.368,0.0536176,0.39474,-0.261482,-1.06227,1.84625,0.0436584,1.65377
0.37,0.0546517,0.395433,-0.262346,-1.06063,1.84059,0.041517,1.65294
0.372,0.0556881,0.396112,-0.263224,-1.05901,1.83497,0.03941,1.65214
0.374,0.0567267,0.396777,-0.264118,-1.05741,1.82939,0.0373387,1.65137
0.376,0.0577671,0.397427,-0.265028,-1.05583,1.82387,0.0353043,1.65062
0.378,0.0588092,0.398062,-0.265957,-1.05427,1.81839,0.033308,1.64992
0.38,0.0598529,0.39868,-0.266905,-1.05274,1.81297,0.0313509,1.64924
0.382,0.0608978,0.399282,-0.267875,-1.05122,1.80762,0.0294342,1.64862
0.384,0.0619439,0.399866,-0.268866,-1.04973,1.80233,0.0275592,1.64803
0.386,0.0629908,0.400432,-0.269882,-1.04825,1.79711,0.0257267,1.64749
0.388,0.0640384,0.400981,-0.270923,-1.0468,1.79196,0.0239381,1.647
0.39,0.0650865,0.40151,-0.271991,-1.04536,1.7869,0.0221942,1.64657
0.392,0.066135,0.402021,-0.273086,-1.04395,1.78191,0.0204961,1.64619
0.394,0.0671835,0.402512,-0.274211,-1.04256,1.777,0.0188447,1.64586
0.396,0.0682319,0.402983,-0.275365,-1.04119,1.77218,0.0172408,1.6456
0.398,0.0692801,0.403435,-0.276551,-1.03983,1.76745,0.0156851,1.6454
0.4,0.0703278,0.403866,-0.277768,-1.0385,1.76281,0.0141785,1.64526
0.402,0.0713748,0.404276,-0.279019,-1.03719,1.75827,0.0127215,1.64518
0.404,0.072421,0.404666,-0.280303,-1.03589,1.75382,0.0113148,1.64517
0.406,0.0734662,0.405034,-0.281621,-1.03462,1.74946,0.00995883,1.64522
0.408,0.0745102,0.405382,-0.282975,-1.03337,1.74521,0.00865406,1.64535
0.41,0.0755528,0.405708,-0.284364,-1.03213,1.74106,0.00740086,1.64554
0.412,0.0765939,0.406013,-0.285789,-1.03091,1.73701,0.00619956,1.6458
0.414,0.0776333,0.406296,-0.287251,-1.02972,1.73306,0.00505039,1.64613
0.416,0.0786708,0.406557,-0.28875,-1.02854,1.72922,0.00395353,1.64654
0.418,0.0797063,0.406797,-0.290287,-1.02738,1.72548,0.00290912,1.64701
0.42,0.0807397,0.407016,-0.29186,-1.02624,1.72185,0.00191721,1.64756
0.422,0.0817707,0.407213,-0.293471,-1.02512,1.71832,0.000977795,1.64818
0.424,0.0828039,0.40739,-0.29505,-1.02375,1.71067,-3.71172e-05,1.64892
0.426,0.0838287,0.407533,-0.296689,-1.02301,1.70444,-0.000951705,1.64976
0.428,0.0848463,0.407647,-0.298434,-1.02252,1.69926,-0.00169444,1.65066
0.43,0.0858576,0.407734,-0.30029,-1.02212,1.69487,-0.00226334,1.65162
0.432,0.0868634,0.407797,-0.302246,-1.02171,1.69108,-0.00268158,1.65262
0.434,0.0878643,0.407838,-0.304288,-1.02126,1.68776,-0.00297792,1.65368
0.436,0.088861,0.407855,-0.306401,-1.02077,1.68482,-0.00317871,1.6548
0.438,0.0898537,0.407852,-0.308571,-1.02024,1.68216,-0.00330526,1.65599
0.44,0.0908427,0.407827,-0.310791,-1.01968,1.67974,-0.00337354,1.65725
0.442,0.0918281,0.407781,-0.313051,-1.01908,1.6775,-0.00339473,1.65859
0.444,0.09281,0.407716,-0.315346,-1.01848,1.67542,-0.00337615,1.66
0.446,0.0937883,0.407631,-0.317674,-1.01786,1.67348,-0.00332222,1.66148
0.448,0.0947671,0.407528,-0.319973,-1.01702,1.66808,-0.00334185,1.66307
0.45,0.0957371,0.407395,-0.322319,-1.01674,1.66392,-0.0032885,1.66476
0.452,0.0966996,0.407238,-0.324754,-1.01669,1.66065,-0.00309589,1.66651
0.454,0.0976553,0.407058,-0.327283,-1.0167,1.65805,-0.00276091,1.6683
0.456,0.0986053,0.406858,-0.329895,-1.0167,1.65593,-0.00230384,1.67014
0.458,0.0995529,0.406639,-0.332533,-1.01646,1.65148,-0.00182942,1.67205
0.46,0.100492,0.406395,-0.335236,-1.01656,1.64787,-0.00126258,1.67404
0.462,0.101424,0.406128,-0.338014,-1.01676,1.64421,-0.000588411,1.67609
0.464,0.102349,0.405838,-0.340873,-1.01706,1.64076,0.000202326,1.6782
0.466,0.103267,0.405525,-0.343813,-1.01743,1.63745,0.00110845,1.68036
0.468,0.104176,0.405191,-0.346832,-1.01785,1.63429,0.00212556,1.68258
0.47,0.105079,0.404835,-0.349927,-1.01831,1.63126,0.00324717,1.68486
0.472,0.105974,0.404459,-0.353094,-1.01879,1.62837,0.0044661,1.68719
0.474,0.106862,0.404062,-0.356328,-1.0193,1.62561,0.00577501,1.68958
0.476,0.107743,0.403644,-0.359624,-1.01982,1.62298,0.00716672,1.69202
0.478,0.108616,0.403207,-0.362979,-1.02035,1.62046,0.00863434,1.69453
0.48,0.109483,0.402751,-0.366388,-1.02089,1.61806,0.0101714,1.69709
0.482,0.110341,0.402275,-0.369846,-1.02144,1.61577,0.0117716,1.69971
0.484,0.111193,0.401782,-0.373349,-1.02198,1.61358,0.0134295,1.70239
0.486,0.112037,0.40127,-0.376894,-1.02253,1.6115,0.0151394,1.70513
0.488,0.112874,0.400741,-0.380476,-1.02307,1.6095,0.0168966,1.70792
0.49,0.113704,0.400195,-0.384091,-1.0236,1.6076,0.0186962,1.71077
0.492,0.114527,0.399632,-0.387736,-1.02413,1.60579,0.0205339,1.71367
0.494,0.115342,0.399053,-0.391409,-1.02465,1.60406,0.0224057,1.71663
0.496,0.11615,0.398458,-0.395104,-1.02516,1.60242,0.0243078,1.71965
0.498,0.116951,0.397848,-0.39882,-1.02565,1.60085,0.0262366,1.72271
0.5,0.117744,0.397224,-0.402553,-1.02614,1.59935,0.028189,1.72583
0.502,0.11853,0.396585,-0.406301,-1.02661,1.59792,0.0301619,1.72899
0.504,0.119308,0.395932,-0.410061,-1.02707,1.59656,0.0321524,1.73221
0.506,0.12008,0.395265,-0.41383,-1.02751,1.59526,0.034158,1.73547
0.508,0.120843,0.394586,-0.417606,-1.02794,1.59402,0.0361763,1.73877
0.51,0.121599,0.393894,-0.421386,-1.02836,1.59284,0.0382051,1.74212
0.512,0.122348,0.393191,-0.425169,-1.02876,1.59172,0.0402422,1.74552
0.514,0.123089,0.392475,-0.428952,-1.02914,1.59065,0.0422859,1.74895
0.516,0.123822,0.391749,-0.432733,-1.02951,1.58963,0.0443344,1.75242
0.518,0.124548,0.391012,-0.436511,-1.02986,1.58867,0.0463861,1.75593
0.52,0.125266,0.390265,-0.440283,-1.03019,1.58774,0.0484395,1.75947
0.522,0.125977,0.389508,-0.444048,-1.03051,1.58686,0.0504935,1.76304
0.524,0.12668,0.388742,-0.447804,-1.03082,1.58603,0.0525468,1.76665
0.526,0.127375,0.387967,-0.451549,-1.0311,1.58523,0.0545982,1.77028
0.528,0.128062,0.387184,-0.455283,-1.03138,1.58447,0.056647,1.77395
0.53,0.128741,0.386392,-0.459002,-1.03164,1.58375,0.0586919,1.77763
0.532,0.129412,0.385594,-0.462707,-1.03188,1.58307,0.0607323,1.78134
0.534,0.130076,0.384788,-0.466395,-1.03211,1.58242,0.0627672,1.78507
0.536,0.130731,0.383976,-0.470066,-1.03233,1.5818,0.0647959,1.78882
0.538,0.131379,0.383157,-0.473717,-1.03253,1.58121,0.0668177,1.79258
0.54,0.132019,0.382333,-0.477348,-1.03272,1.58065,0.0688319,1.79636
0.542,0.13265,0.381504,-0.480958,-1.03289,1.58012,0.0708379,1.80015
0.544,0.133273,0.380669,-0.484545,-1.03306,1.57961,0.072835,1.80396
0.546,0.133889,0.379831,-0.488109,-1.03321,1.57913,0.0748228,1.80777
0.548,0.134496,0.378988,-0.491648,-1.03335,1.57868,0.0768006,1.81159
0.55,0.135095,0.378141,-0.495161,-1.03348,1.57825,0.0787681,1.81542
0.552,0.135685,0.377292,-0.498648,-1.0336,1.57784,0.0807247,1.81925
0.554,0.136268,0.376439,-0.502107,-1.03371,1.57745,0.0826701,1.82308
0.556,0.136842,0.375584,-0.505538,-1.03381,1.57708,0.0846037,1.82691
0.558,0.137408,0.374727,-0.508939,-1.03389,1.57673,0.0865254,1.83074
0.56,0.137965,0.373868,-0.512311,-1.03397,1.57639,0.0884347,1.83457
0.562,0.138515,0.373008,-0.515651,-1.03405,1.57608,0.0903315,1.8384
0.564,0.139055,0.372148,-0.518961,-1.03411,1.57578,0.0922158,1.84221
0.566,0.139588,0.371286,-0.522238,-1.03416,1.5755,0.0940874,1.84602
0.568,0.140112,0.370425,-0.525481,-1.03421,1.57523,0.0959462,1.84983
0.57,0.140627,0.369563,-0.528691,-1.03425,1.57497,0.0977918,1.85362
0.572,0.141134,0.368703,-0.531867,-1.03429,1.57473,0.099624,1.85739
0.574,0.141632,0.367843,-0.535007,-1.03431,1.5745,0.101443,1.86116
0.576,0.142122,0.366984,-0.538112,-1.03433,1.57429,0.103247,1.86491
0.578,0.142604,0.366127,-0.54118,-1.03435,1.57408,0.105038,1.86864
0.58,0.143076,0.365273,-0.54421,-1.03436,1.57389,0.106814,1.87236
0.582,0.14354,0.36442,-0.547204,-1.03437,1.57371,0.108575,1.87606
0.584,0.143996,0.36357,-0.550158,-1.03437,1.57353,0.110322,1.87973
0.586,0.144443,0.362723,-0.553075,-1.03436,1.57337,0.112053,1.88339
0.588,0.144881,0.361879,-0.555951,-1.03436,1.57322,0.113769,1.88702
0.59,0.145311,0.361039,-0.558788,-1.03435,1.57307,0.11547,1.89063
0.592,0.145732,0.360202,-0.561585,-1.03433,1.57293,0.117154,1.89421
0.594,0.146144,0.35937,-0.564341,-1.03431,1.5728,0.118823,1.89777
0.596,0.146547,0.358543,-0.567055,-1.03429,1.57268,0.120475,1.9013
0.598,0.146942,0.35772,-0.569728,-1.03427,1.57257,0.122111,1.9048
0.6,0.147328,0.356902,-0.572359,-1.03424,1.57246,0.12373,1.90828
0.602,0.147705,0.356089,-0.574946,-1.03421,1.57235,0.125332,1.91172
0.604,0.148074,0.355282,-0.577491,-1.03418,1.57226,0.126917,1.91513
0.606,0.148434,0.354481,-0.579993,-1.03414,1.57217,0.128485,1.91851
0.608,0.148785,0.353687,-0.582451,-1.03411,1.57208,0.130036,1.92185
0.61,0.149127,0.352898,-0.584864,-1.03407,1.572,0.131568,1.92516
0.612,0.14946,0.352116,-0.587233,-1.03403,1.57193,0.133083,1.92844
0.614,0.149784,0.351341,-0.589557,-1.03399,1.57186,0.13458,1.93168
0.616,0.1501,0.350574,-0.591836,-1.03395,1.57179,0.136059,1.93488
0.618,0.150407,0.349813,-0.59407,-1.03391,1.57173,0.137519,1.93805
0.62,0.150705,0.349061,-0.596257,-1.03386,1.57167,0.13896,1.94117
0.622,0.150994,0.348316,-0.598398,-1.03382,1.57162,0.140383,1.94426
0.624,0.151274,0.347579,-0.600493,-1.03377,1.57157,0.141787,1.94731
0.626,0.151545,0.346851,-0.602541,-1.03372,1.57152,0.143171,1.95032
0.628,0.151807,0.346131,-0.604541,-1.03368,1.57147,0.144536,1.95328
0.63,0.152061,0.345419,-0.606495,-1.03363,1.57143,0.145882,1.9562
0.632,0.152305,0.344717,-0.6084,-1.03358,1.57139,0.147208,1.95908
0.634,0.152541,0.344024,-0.610258,-1.03353,1.57136,0.148514,1.96192
0.636,0.152767,0.343339,-0.612068,-1.03349,1.57133,0.1498,1.96471
0.638,0.152985,0.342665,-0.613829,-1.03344,1.57129,0.151066,1.96746
0.64,0.153194,0.342,-0.615542,-1.03339,1.57127,0.152312,1.97017
0.642,0.153394,0.341345,-0.617206,-1.03334,1.57124,0.153536,1.97282
0.644,0.153584,0.340699,-0.61882,-1.03329,1.57122,0.154741,1.97543
0.646,0.153766,0.340064,-0.620386,-1.03325,1.57119,0.155924,1.978
0.648,0.153939,0.339439,-0.621902,-1.0332,1.57117,0.157086,1.98051
0.65,0.154103,0.338825,-0.623368,-1.03315,1.57115,0.158228,1.98298
0.652,0.154257,0.338221,-0.624785,-1.03311,1.57114,0.159348,1.9854
0.654,0.154403,0.337628,-0.626151,-1.03306,1.57112,0.160446,1.98778
0.656,0.15454,0.337045,-0.627468,-1.03302,1.57111,0.161523,1.9901
0.658,0.154668,0.336473,-0.628734,-1.03297,1.57109,0.162578,1.99237
0.66,0.154786,0.335913,-0.629949,-1.03293,1.57108,0.163611,1.9946
0.662,0.154896,0.335364,-0.631114,-1.03289,1.57107,0.164622,1.99677
0.664,0.154996,0.334826,-0.632228,-1.03284,1.57106,0.165611,1.9989
0.666,0.155088,0.334299,-0.633291,-1.0328,1.57105,0.166578,2.00097
0.668,0.15517,0.333784,-0.634303,-1.03276,1.57104,0.167522,2.00299
0.67,0.155243,0.33328,-0.635264,-1.03272,1.57104,0.168444,2.00496
0.672,0.155307,0.332788,-0.636174,-1.03268,1.57103,0.169344,2.00688
0.674,0.155362,0.332308,-0.637033,-1.03264,1.57103,0.170221,2.00875
0.676,0.155408,0.331839,-0.63784,-1.03261,1.57102,0.171074,2.01056
0.678,0.155444,0.331382,-0.638595,-1.03257,1.57102,0.171906,2.01232
0.68,0.155472,0.330937,-0.639299,-1.03254,1.57102,0.172714,2.01404
0.682,0.15549,0.330505,-0.639951,-1.0325,1.57101,0.173499,2.01569
0.684,0.155499,0.330084,-0.640552,-1.03247,1.57101,0.174261,2.0173
0.686,0.155499,0.329675,-0.641101,-1.03244,1.57101,0.174999,2.01885
0.688,0.15549,0.329278,-0.641597,-1.03241,1.57101,0.175715,2.02035
0.69,0.155471,0.328894,-0.642043,-1.03238,1.57101,0.176407,2.0218
0.692,0.155443,0.328521,-0.642436,-1.03235,1.57101,0.177076,2.02319
0.694,0.155406,0.328161,-0.642777,-1.03232,1.57101,0.177722,2.02453
0.696,0.15536,0.327813,-0.643066,-1.03229,1.57101,0.178344,2.02582
0.698,0.155304,0.327477,-0.643304,-1.03227,1.57101,0.178942,2.02705
0.7,0.155239,0.327154,-0.643489,-1.03224,1.57101,0.179518,2.02823
0.702,0.155164,0.326842,-0.643622,-1.03222,1.57101,0.180069,2.02936
0.704,0.15508,0.326543,-0.643704,-1.0322,1.57101,0.180597,2.03044
0.706,0.155009,0.3263,-0.643888,-1.03173,1.57072,0.181192,2.03124
0.708,0.154947,0.326107,-0.644115,-1.03113,1.57065,0.181789,2.03183
0.71,0.154894,0.32596,-0.644337,-1.03047,1.5706,0.182334,2.03224
0.712,0.154847,0.325852,-0.644523,-1.02984,1.57059,0.182799,2.03251
0.714,0.154804,0.325778,-0.644653,-1.02932,1.57057,0.183167,2.03267
0.716,0.154762,0.325735,-0.644721,-1.02891,1.57053,0.18344,2.03273
0.718,0.154721,0.325718,-0.644722,-1.0286,1.57051,0.183624,2.03271
0.72,0.154677,0.325724,-0.644657,-1.02841,1.57049,0.183728,2.03262
0.722,0.154631,0.325749,-0.644526,-1.0283,1.57047,0.183761,2.03246
0.724,0.15458,0.325792,-0.644333,-1.02827,1.57046,0.183732,2.03225
0.726,0.154523,0.32585,-0.644079,-1.02831,1.57044,0.18365,2.03198
0.728,0.154461,0.325921,-0.643766,-1.02841,1.57042,0.183522,2.03167
0.73,0.154392,0.326005,-0.643398,-1.02856,1.57039,0.183359,2.0313
0.732,0.154315,0.326102,-0.642982,-1.02874,1.57035,0.18317,2.03089
0.734,0.154232,0.32621,-0.642521,-1.02896,1.5703,0.182965,2.03042
0.736,0.154141,0.326329,-0.642017,-1.02919,1.57024,0.182746,2.0299
0.738,0.154043,0.32646,-0.641472,-1.02945,1.57017,0.182519,2.02932
0.74,0.153937,0.3266,-0.640887,-1.02972,1.57009,0.182284,2.02869
0.742,0.153824,0.326751,-0.640263,-1.03,1.57,0.182045,2.02801
0.744,0.153702,0.326912,-0.6396,-1.03029,1.5699,0.181801,2.02728
0.746,0.153573,0.327082,-0.638898,-1.0306,1.5698,0.181553,2.0265
0.748,0.153435,0.32726,-0.638159,-1.03092,1.56969,0.181303,2.02568
0.75,0.153289,0.327447,-0.637381,-1.03125,1.56958,0.18105,2.02481
0.752,0.153135,0.327642,-0.636565,-1.0316,1.56946,0.180795,2.0239
0.754,0.152972,0.327845,-0.635711,-1.03195,1.56935,0.180537,2.02294
0.756,0.1528,0.328055,-0.634821,-1.03233,1.56923,0.180277,2.02194
0.758,0.15262,0.328272,-0.633893,-1.03272,1.56911,0.180015,2.02091
0.76,0.152431,0.328496,-0.63293,-1.03312,1.56899,0.17975,2.01983
0.762,0.152233,0.328727,-0.631931,-1.03354,1.56887,0.17948,2.01872
0.764,0.152027,0.328964,-0.630898,-1.03397,1.56876,0.179206,2.01757
0.766,0.151813,0.329208,-0.629831,-1.03441,1.56864,0.178927,2.01639
0.768,0.15159,0.329458,-0.628732,-1.03486,1.56853,0.178644,2.01517
0.77,0.151359,0.329715,-0.627601,-1.03532,1.56841,0.178357,2.01392
0.772,0.15112,0.329977,-0.626439,-1.0358,1.5683,0.178066,2.01264
0.774,0.150873,0.330245,-0.625247,-1.03628,1.56819,0.177772,2.01132
0.776,0.150617,0.330519,-0.624025,-1.03678,1.56808,0.177474,2.00997
0.778,0.150353,0.330799,-0.622774,-1.03728,1.56798,0.177175,2.00859
0.78,0.150081,0.331084,-0.621495,-1.0378,1.56788,0.176872,2.00718
0.782,0.149801,0.331374,-0.620188,-1.03833,1.56778,0.176568,2.00574
0.784,0.149513,0.331669,-0.618855,-1.03886,1.56769,0.176262,2.00427
0.786,0.149218,0.33197,-0.617494,-1.03941,1.5676,0.175954,2.00277
0.788,0.148914,0.332275,-0.616108,-1.03996,1.56751,0.175646,2.00124
0.79,0.148603,0.332585,-0.614696,-1.04053,1.56743,0.175336,1.99968
0.792,0.148284,0.332899,-0.613259,-1.0411,1.56735,0.175026,1.99809
0.794,0.147957,0.333217,-0.611797,-1.04169,1.56728,0.174715,1.99648
0.796,0.147623,0.33354,-0.610312,-1.04228,1.56721,0.174403,1.99484
0.798,0.147282,0.333867,-0.608803,-1.04289,1.56715,0.174092,1.99317
0.8,0.146933,0.334197,-0.607271,-1.04351,1.56709,0.173781,1.99148
0.802,0.146576,0.334532,-0.605716,-1.04413,1.56704,0.17347,1.98976
0.804,0.146213,0.33487,-0.604139,-1.04477,1.567,0.173159,1.98802
0.806,0.145842,0.335211,-0.602541,-1.04542,1.56697,0.172849,1.98625
0.808,0.145465,0.335555,-0.600921,-1.04608,1.56694,0.17254,1.98446
0.81,0.14508,0.335903,-0.59928,-1.04675,1.56692,0.172231,1.98265
0.812,0.144689,0.336254,-0.59762,-1.04743,1.56691,0.171924,1.98082
0.814,0.144291,0.336607,-0.595939,-1.04812,1.56691,0.171618,1.97896
0.816,0.143886,0.336963,-0.594239,-1.04883,1.56691,0.171313,1.97709
0.818,0.143474,0.337322,-0.592521,-1.04954,1.56692,0.171009,1.97519
0.82,0.143057,0.337683,-0.590784,-1.05026,1.56695,0.170707,1.97327
0.822,0.142632,0.338047,-0.589029,-1.051,1.56698,0.170406,1.97133
0.824,0.142202,0.338412,-0.587257,-1.05174,1.56702,0.170108,1.96938
0.826,0.141765,0.338779,-0.585468,-1.0525,1.56707,0.16981,1.9674
0.828,0.141322,0.339149,-0.583662,-1.05327,1.56712,0.169515,1.96541
0.83,0.140873,0.33952,-0.58184,-1.05404,1.56719,0.169222,1.9634
0.832,0.140419,0.339892,-0.580003,-1.05483,1.56727,0.168931,1.96138
0.834,0.139959,0.340266,-0.578151,-1.05563,1.56735,0.168641,1.95933
0.836,0.139493,0.340642,-0.576284,-1.05644,1.56745,0.168354,1.95728
0.838,0.139021,0.341018,-0.574403,-1.05726,1.56755,0.168069,1.9552
0.84,0.138544,0.341396,-0.572508,-1.05808,1.56767,0.167787,1.95312
0.842,0.138062,0.341774,-0.570601,-1.05892,1.56779,0.167507,1.95102
0.844,0.137575,0.342153,-0.568681,-1.05977,1.56792,0.167229,1.9489
0.846,0.137082,0.342533,-0.566748,-1.06063,1.56806,0.166953,1.94678
0.848,0.136585,0.342914,-0.564804,-1.06149,1.56821,0.166681,1.94464
0.85,0.136083,0.343295,-0.562849,-1.06237,1.56837,0.16641,1.94249
0.852,0.135576,0.343676,-0.560883,-1.06326,1.56854,0.166142,1.94033
0.854,0.135065,0.344057,-0.558907,-1.06415,1.56872,0.165877,1.93816
0.856,0.134549,0.344439,-0.556921,-1.06505,1.56891,0.165615,1.93598
0.858,0.134029,0.34482,-0.554926,-1.06596,1.56911,0.165355,1.93379
0.86,0.133505,0.345201,-0.552922,-1.06688,1.56931,0.165098,1.93159
0.862,0.132977,0.345582,-0.55091,-1.06781,1.56953,0.164844,1.92938
0.864,0.132445,0.345963,-0.54889,-1.06875,1.56975,0.164592,1.92717
0.866,0.131909,0.346343,-0.546863,-1.06969,1.56998,0.164344,1.92495
0.868,0.131369,0.346723,-0.544829,-1.07064,1.57023,0.164098,1.92272
0.87,0.130826,0.347101,-0.542789,-1.0716,1.57048,0.163855,1.92049
0.872,0.13028,0.347479,-0.540743,-1.07257,1.57074,0.163615,1.91825
0.874,0.12973,0.347856,-0.538692,-1.07354,1.571,0.163378,1.91601
0.876,0.129177,0.348232,-0.536636,-1.07452,1.57128,0.163144,1.91376
0.878,0.128621,0.348607,-0.534575,-1.07551,1.57157,0.162913,1.91151
0.88,0.128062,0.348981,-0.532511,-1.0765,1.57186,0.162685,1.90925
0.882,0.127501,0.349353,-0.530443,-1.0775,1.57216,0.16246,1.907
0.884,0.126936,0.349724,-0.528373,-1.07851,1.57247,0.162239,1.90474
0.886,0.12637,0.350094,-0.5263,-1.07952,1.57279,0.16202,1.90248
0.888,0.125801,0.350462,-0.524225,-1.08053,1.57312,0.161804,1.90022
0.89,0.12523,0.350828,-0.522149,-1.08155,1.57345,0.161591,1.89795
0.892,0.124657,0.351192,-0.520071,-1.08258,1.57379,0.161382,1.89569
0.894,0.124082,0.351555,-0.517994,-1.08361,1.57415,0.161175,1.89343
0.896,0.123505,0.351916,-0.515916,-1.08465,1.5745,0.160972,1.89117
0.898,0.122927,0.352274,-0.513839,-1.08569,1.57487,0.160772,1.88891
0.9,0.122347,0.352631,-0.511762,-1.08673,1.57524,0.160574,1.88666
0.902,0.121766,0.352985,-0.509687,-1.08778,1.57562,0.160381,1.8844
0.904,0.121183,0.353337,-0.507614,-1.08883,1.57601,0.16019,1.88215
0.906,0.1206,0.353687,-0.505543,-1.08988,1.5764,0.160002,1.87991
0.908,0.120016,0.354035,-0.503475,-1.09094,1.57681,0.159818,1.87767
0.91,0.11943,0.354379,-0.501411,-1.092,1.57721,0.159636,1.87543
0.912,0.118845,0.354722,-0.49935,-1.09306,1.57763,0.159458,1.8732
0.914,0.118258,0.355062,-0.497293,-1.09413,1.57805,0.159283,1.87097
0.916,0.117672,0.355399,-0.495241,-1.0952,1.57848,0.159111,1.86875
0.918,0.117085,0.355733,-0.493194,-1.09626,1.57891,0.158943,1.86654
0.92,0.116498,0.356065,-0.491152,-1.09733,1.57936,0.158777,1.86433
0.922,0.115911,0.356394,-0.489116,-1.09841,1.5798,0.158615,1.86213
0.924,0.115324,0.356719,-0.487087,-1.09948,1.58026,0.158456,1.85994
0.926,0.114737,0.357042,-0.485065,-1.10055,1.58072,0.1583,1.85776
0.928,0.114151,0.357362,-0.483049,-1.10162,1.58118,0.158147,1.85559
0.93,0.113566,0.357679,-0.481042,-1.1027,1.58165,0.157997,1.85343
0.932,0.112981,0.357993,-0.479042,-1.10377,1.58213,0.157851,1.85127
0.934,0.112397,0.358303,-0.477051,-1.10485,1.58261,0.157708,1.84913
0.936,0.111814,0.35861,-0.475069,-1.10592,1.58309,0.157567,1.847
0.938,0.111233,0.358914,-0.473097,-1.10699,1.58359,0.15743,1.84488
0.94,0.110652,0.359215,-0.471134,-1.10806,1.58408,0.157296,1.84277
0.942,0.110073,0.359513,-0.469181,-1.10913,1.58458,0.157165,1.84067
0.944,0.109496,0.359807,-0.467239,-1.1102,1.58509,0.157038,1.83859
0.946,0.10892,0.360097,-0.465308,-1.11127,1.5856,0.156913,1.83652
0.948,0.108346,0.360384,-0.463388,-1.11233,1.58611,0.156792,1.83446
0.95,0.107774,0.360668,-0.46148,-1.11339,1.58663,0.156673,1.83242
0.952,0.107204,0.360948,-0.459583,-1.11445,1.58715,0.156558,1.83039
0.954,0.106636,0.361225,-0.4577,-1.11551,1.58768,0.156445,1.82837
0.956,0.10607,0.361498,-0.455829,-1.11656,1.58821,0.156336,1.82637
0.958,0.105507,0.361767,-0.453971,-1.11761,1.58874,0.15623,1.82438
0.96,0.104947,0.362033,-0.452127,-1.11866,1.58928,0.156127,1.82242
0.962,0.104389,0.362295,-0.450297,-1.1197,1.58982,0.156026,1.82046
0.964,0.103834,0.362553,-0.448481,-1.12074,1.59036,0.155929,1.81853
0.966,0.103282,0.362808,-0.446679,-1.12177,1.5909,0.155835,1.81661
0.968,0.102733,0.363059,-0.444893,-1.1228,1.59145,0.155743,1.8147
0.97,0.102187,0.363307,-0.443122,-1.12382,1.592,0.155655,1.81282
0.972,0.101645,0.36355,-0.441366,-1.12484,1.59255,0.155569,1.81095
0.974,0.101106,0.36379,-0.439626,-1.12585,1.59311,0.155487,1.8091
0.976,0.10057,0.364026,-0.437903,-1.12686,1.59366,0.155407,1.80727
0.978,0.100038,0.364258,-0.436196,-1.12786,1.59422,0.15533,1.80546
0.98,0.0995099,0.364487,-0.434505,-1.12886,1.59478,0.155256,1.80366
0.982,0.0989856,0.364712,-0.432832,-1.12985,1.59534,0.155185,1.80189
0.984,0.0984653,0.364933,-0.431176,-1.13083,1.5959,0.155116,1.80014
0.986,0.0979492,0.36515,-0.429538,-1.13181,1.59646,0.155051,1.7984
0.988,0.0974372,0.365363,-0.427918,-1.13278,1.59702,0.154988,1.79669
0.99,0.0969295,0.365573,-0.426316,-1.13374,1.59759,0.154927,1.79499
0.992,0.0964262,0.365778,-0.424732,-1.13469,1.59815,0.15487,1.79332
0.994,0.0959275,0.36598,-0.423167,-1.13564,1.59871,0.154815,1.79167
0.996,0.0954333,0.366178,-0.421621,-1.13658,1.59928,0.154763,1.79004
0.998,0.0949439,0.366373,-0.420095,-1.13751,1.59984,0.154713,1.78843
1,0.0944593,0.366563,-0.418587,-1.13843,1.6004,0.154667,1.78684
1.002,0.0939796,0.36675,-0.4171,-1.13934,1.60096,0.154622,1.78527
1.004,0.0935049,0.366933,-0.415632,-1.14025,1.60152,0.15458,1.78373
1.006,0.0930353,0.367112,-0.414184,-1.14114,1.60208,0.154541,1.78221
1.008,0.0925709,0.367288,-0.412757,-1.14203,1.60264,0.154504,1.78071
1.01,0.0921118,0.36746,-0.41135,-1.14291,1.6032,0.15447,1.77923
1.012,0.091658,0.367628,-0.409964,-1.14377,1.60375,0.154438,1.77778
1.014,0.0912097,0.367792,-0.408599,-1.14463,1.6043,0.154409,1.77635
1.016,0.0907669,0.367952,-0.407255,-1.14548,1.60485,0.154382,1.77494
1.018,0.0903297,0.368109,-0.405932,-1.14632,1.6054,0.154357,1.77356
1.02,0.0898982,0.368262,-0.40463,-1.14714,1.60595,0.154335,1.7722
1.022,0.0894725,0.368412,-0.40335,-1.14796,1.60649,0.154315,1.77086
1.024,0.0890527,0.368558,-0.402092,-1.14876,1.60703,0.154297,1.76955
1.026,0.0886387,0.3687,-0.400856,-1.14956,1.60756,0.154282,1.76826
1.028,0.0882307,0.368839,-0.399641,-1.15034,1.6081,0.154268,1.767
1.03,0.0878288,0.368974,-0.398449,-1.15111,1.60863,0.154257,1.76576
1.032,0.087433,0.369105,-0.397279,-1.15188,1.60915,0.154248,1.76454
1.034,0.0870434,0.369233,-0.396131,-1.15263,1.60967,0.154241,1.76335
1.036,0.0866601,0.369358,-0.395006,-1.15336,1.61019,0.154237,1.76218
1.038,0.0862831,0.369479,-0.393903,-1.15409,1.6107,0.154234,1.76104
1.04,0.0859124,0.369596,-0.392824,-1.1548,1.61121,0.154234,1.75992
1.042,0.0855482,0.36971,-0.391767,-1.1555,1.61171,0.154235,1.75883
1.044,0.0851904,0.369821,-0.390732,-1.15619,1.61221,0.154238,1.75776
1.046,0.0848392,0.369928,-0.389721,-1.15687,1.6127,0.154244,1.75672
1.048,0.0844946,0.370032,-0.388733,-1.15754,1.61318,0.154251,1.7557
1.05,0.0841566,0.370132,-0.387767,-1.15819,1.61366,0.15426,1.7547
1.052,0.0838253,0.370229,-0.386825,-1.15883,1.61414,0.154271,1.75373
1.054,0.0835007,0.370323,-0.385906,-1.15945,1.61461,0.154284,1.75279
1.056,0.0831829,0.370413,-0.385011,-1.16007,1.61507,0.154299,1.75187
1.058,0.0828719,0.370501,-0.384138,-1.16067,1.61553,0.154315,1.75098
1.06,0.0825677,0.370585,-0.383289,-1.16126,1.61598,0.154333,1.75011
1.062,0.0822705,0.370665,-0.382463,-1.16183,1.61642,0.154353,1.74927
1.064,0.0819801,0.370743,-0.381661,-1.16239,1.61686,0.154374,1.74845
1.066,0.0816967,0.370818,-0.380882,-1.16294,1.61729,0.154398,1.74765
1.068,0.0814202,0.370889,-0.380126,-1.16348,1.61771,0.154422,1.74688
1.07,0.0811508,0.370957,-0.379394,-1.164,1.61812,0.154449,1.74614
1.072,0.0808883,0.371023,-0.378685,-1.1645,1.61853,0.154477,1.74542
1.074,0.0806329,0.371085,-0.377999,-1.165,1.61893,0.154506,1.74473
1.076,0.0803846,0.371144,-0.377337,-1.16548,1.61932,0.154537,1.74406
1.078,0.0801434,0.3712,-0.376698,-1.16594,1.61971,0.15457,1.74341
1.08,0.0799093,0.371254,-0.376082,-1.1664,1.62008,0.154604,1.74279
1.082,0.0796823,0.371304,-0.37549,-1.16684,1.62045,0.154639,1.7422
1.084,0.0794624,0.371352,-0.374921,-1.16726,1.62081,0.154676,1.74163
1.086,0.0792497,0.371396,-0.374375,-1.16767,1.62116,0.154714,1.74108
1.088,0.0790441,0.371438,-0.373852,-1.16807,1.62151,0.154753,1.74056
1.09,0.0788457,0.371477,-0.373352,-1.16845,1.62184,0.154794,1.74006
1.092,0.0786544,0.371514,-0.372875,-1.16882,1.62217,0.154836,1.73959
1.094,0.0784703,0.371547,-0.372421,-1.16918,1.62248,0.154879,1.73914
1.096,0.0782933,0.371578,-0.37199,-1.16952,1.62279,0.154924,1.73872
1.098,0.0781236,0.371607,-0.371582,-1.16985,1.62309,0.154969,1.73832
1.1,0.0779609,0.371632,-0.371197,-1.17017,1.62338,0.155016,1.73794
1.102,0.0778054,0.371655,-0.370834,-1.17047,1.62366,0.155064,1.73759
1.104,0.0776571,0.371675,-0.370493,-1.17075,1.62393,0.155113,1.73726
1.106,0.0775159,0.371693,-0.370175,-1.17103,1.6242,0.155163,1.73695
1.108,0.0773818,0.371709,-0.36988,-1.17129,1.62445,0.155214,1.73667
1.11,0.0772548,0.371721,-0.369606,-1.17153,1.62469,0.155267,1.73641
1.112,0.0771349,0.371732,-0.369355,-1.17176,1.62493,0.15532,1.73617
1.114,0.0770221,0.371739,-0.369126,-1.17198,1.62515,0.155374,1.73596
1.116,0.0769164,0.371745,-0.368918,-1.17218,1.62537,0.155429,1.73577
1.118,0.0768177,0.371748,-0.368733,-1.17237,1.62557,0.155485,1.7356
1.12,0.076726,0.371749,-0.368568,-1.17255,1.62577,0.155542,1.73545
1.122,0.0766412,0.371747,-0.368426,-1.17271,1.62595,0.1556,1.73533
1.124,0.0765635,0.371743,-0.368304,-1.17286,1.62613,0.155659,1.73523
1.126,0.0764927,0.371737,-0.368204,-1.173,1.62629,0.155718,1.73515
1.128,0.0764288,0.371728,-0.368125,-1.17312,1.62645,0.155778,1.73509
1.13,0.0763717,0.371718,-0.368067,-1.17323,1.6266,0.155839,1.73506
1.132,0.0763215,0.371705,-0.36803,-1.17333,1.62673,0.155901,1.73504
1.134,0.0762781,0.371689,-0.368013,-1.17341,1.62686,0.155964,1.73505
1.136,0.0762415,0.371672,-0.368017,-1.17348,1.62698,0.156027,1.73508
1.138,0.0762116,0.371653,-0.368041,-1.17354,1.62708,0.15609,1.73512
1.14,0.0761884,0.371631,-0.368085,-1.17358,1.62718,0.156155,1.73519
1.142,0.0761718,0.371608,-0.368148,-1.17361,1.62727,0.15622,1.73528
1.144,0.0761619,0.371582,-0.368232,-1.17363,1.62734,0.156286,1.73539
1.146,0.0761585,0.371554,-0.368335,-1.17364,1.62741,0.156352,1.73552
1.148,0.0761617,0.371525,-0.368458,-1.17363,1.62747,0.156419,1.73568
1.15,0.0761713,0.371493,-0.3686,-1.17361,1.62751,0.156486,1.73585
1.152,0.0761873,0.371459,-0.368761,-1.17358,1.62755,0.156554,1.73604
1.154,0.0762097,0.371424,-0.36894,-1.17354,1.62758,0.156622,1.73624
1.156,0.0762384,0.371386,-0.369139,-1.17348,1.6276,0.156691,1.73647
1.158,0.0762734,0.371347,-0.369355,-1.17341,1.6276,0.15676,1.73672
1.16,0.0763146,0.371305,-0.36959,-1.17333,1.6276,0.15683,1.73699
1.162,0.076362,0.371262,-0.369843,-1.17324,1.62759,0.1569,1.73727
1.164,0.0764155,0.371217,-0.370114,-1.17314,1.62757,0.156971,1.73757
1.166,0.076475,0.37117,-0.370403,-1.17302,1.62754,0.157042,1.73789
1.168,0.0765405,0.371122,-0.370709,-1.1729,1.6275,0.157113,1.73823
1.17,0.0766119,0.371071,-0.371032,-1.17276,1.62745,0.157185,1.73859
1.172,0.0766892,0.371019,-0.371372,-1.17261,1.62739,0.157257,1.73896
1.174,0.0767723,0.370965,-0.371729,-1.17245,1.62732,0.15733,1.73935
1.176,0.0768611,0.37091,-0.372102,-1.17228,1.62724,0.157402,1.73976
1.178,0.0769556,0.370852,-0.372492,-1.1721,1.62715,0.157475,1.74018
1.18,0.0770557,0.370793,-0.372898,-1.17191,1.62706,0.157549,1.74062
1.182,0.0771613,0.370733,-0.37332,-1.1717,1.62695,0.157622,1.74108
1.184,0.0772724,0.37067,-0.373757,-1.17149,1.62684,0.157696,1.74155
1.186,0.0773889,0.370607,-0.37421,-1.17127,1.62672,0.157771,1.74204
1.188,0.0775107,0.370541,-0.374679,-1.17103,1.62658,0.157845,1.74255
1.19,0.0776378,0.370474,-0.375162,-1.17079,1.62644,0.15792,1.74307
1.192,0.0777701,0.370405,-0.37566,-1.17054,1.62629,0.157995,1.7436
1.194,0.0779075,0.370335,-0.376172,-1.17028,1.62614,0.15807,1.74415
1.196,0.0780499,0.370263,-0.376699,-1.17,1.62597,0.158145,1.74472
1.198,0.0781973,0.37019,-0.37724,-1.16972,1.6258,0.158221,1.7453
1.2,0.0783496,0.370115,-0.377795,-1.16943,1.62562,0.158297,1.74589
1.202,0.0785067,0.370038,-0.378364,-1.16913,1.62543,0.158373,1.7465
1.204,0.0786686,0.369961,-0.378945,-1.16883,1.62523,0.15845,1.74712
1.206,0.0788351,0.369881,-0.37954,-1.16851,1.62503,0.158526,1.74775
1.208,0.0790062,0.369801,-0.380148,-1.16819,1.62481,0.158603,1.7484
1.21,0.0791817,0.369718,-0.380769,-1.16785,1.62459,0.15868,1.74906
1.212,0.0793618,0.369635,-0.381402,-1.16751,1.62437,0.158758,1.74973
1.214,0.0795461,0.36955,-0.382047,-1.16716,1.62413,0.158835,1.75042
1.216,0.0797347,0.369463,-0.382704,-1.16681,1.62389,0.158913,1.75112
1.218,0.0799276,0.369376,-0.383373,-1.16644,1.62364,0.158991,1.75183
1.22,0.0801245,0.369286,-0.384053,-1.16607,1.62339,0.159069,1.75255
1.222,0.0803254,0.369196,-0.384745,-1.16569,1.62313,0.159147,1.75328
1.224,0.0805303,0.369104,-0.385447,-1.16531,1.62286,0.159226,1.75403
1.226,0.080739,0.369011,-0.38616,-1.16492,1.62258,0.159305,1.75478
1.228,0.0809515,0.368917,-0.386884,-1.16452,1.6223,0.159384,1.75555
1.23,0.0811677,0.368821,-0.387618,-1.16411,1.62202,0.159463,1.75633
1.232,0.0813874,0.368724,-0.388362,-1.1637,1.62173,0.159543,1.75712
1.234,0.0816107,0.368626,-0.389115,-1.16328,1.62143,0.159623,1.75791
1.236,0.0818375,0.368527,-0.389879,-1.16286,1.62113,0.159703,1.75872
1.238,0.0820676,0.368426,-0.390651,-1.16243,1.62082,0.159783,1.75954
1.24,0.0823009,0.368324,-0.391433,-1.16199,1.6205,0.159864,1.76037
1.242,0.0825375,0.368221,-0.392223,-1.16155,1.62019,0.159944,1.7612
1.244,0.0827771,0.368117,-0.393022,-1.16111,1.61986,0.160026,1.76205
1.246,0.0830198,0.368012,-0.393829,-1.16065,1.61953,0.160107,1.7629
1.248,0.0832654,0.367905,-0.394644,-1.1602,1.6192,0.160189,1.76377
1.25,0.0835138,0.367797,-0.395467,-1.15974,1.61886,0.160271,1.76464
1.252,0.0837649,0.367689,-0.396298,-1.15927,1.61852,0.160353,1.76552
1.254,0.0840188,0.367579,-0.397136,-1.1588,1.61818,0.160436,1.7664
1.256,0.0842752,0.367468,-0.397981,-1.15833,1.61783,0.160519,1.7673
1.258,0.0845341,0.367356,-0.398833,-1.15785,1.61748,0.160602,1.7682
1.26,0.0847955,0.367243,-0.399691,-1.15737,1.61712,0.160686,1.76911
1.262,0.0850592,0.367129,-0.400556,-1.15688,1.61676,0.16077,1.77002
1.264,0.0853251,0.367014,-0.401427,-1.1564,1.6164,0.160854,1.77094
1.266,0.0855931,0.366898,-0.402304,-1.1559,1.61603,0.160939,1.77187
1.268,0.0858633,0.366781,-0.403187,-1.15541,1.61566,0.161024,1.77281
1.27,0.0861354,0.366663,-0.404075,-1.15491,1.61529,0.16111,1.77375
1.272,0.0864095,0.366544,-0.404968,-1.15441,1.61492,0.161196,1.77469
1.274,0.0866853,0.366424,-0.405866,-1.15391,1.61454,0.161282,1.77565
1.276,0.0869629,0.366304,-0.406769,-1.1534,1.61416,0.161369,1.7766
1.278,0.0872422,0.366182,-0.407676,-1.15289,1.61378,0.161456,1.77756
1.28,0.087523,0.36606,-0.408587,-1.15238,1.6134,0.161543,1.77853
1.282,0.0878053,0.365936,-0.409503,-1.15187,1.61302,0.161632,1.7795
1.284,0.088089,0.365812,-0.410422,-1.15136,1.61263,0.16172,1.78048
1.286,0.088374,0.365687,-0.411345,-1.15084,1.61224,0.161809,1.78146
1.288,0.0886603,0.365561,-0.412271,-1.15033,1.61185,0.161898,1.78244
1.29,0.0889477,0.365435,-0.4132,-1.14981,1.61147,0.161988,1.78343
1.292,0.0892362,0.365308,-0.414133,-1.14929,1.61107,0.162079,1.78442
1.294,0.0895257,0.36518,-0.415067,-1.14877,1.61068,0.16217,1.78541
1.296,0.0898161,0.365051,-0.416004,-1.14825,1.61029,0.162261,1.78641
1.298,0.0901074,0.364922,-0.416944,-1.14773,1.6099,0.162353,1.78741
1.3,0.0903994,0.364792,-0.417885,-1.14721,1.60951,0.162445,1.78841
1.302,0.0906921,0.364661,-0.418828,-1.14668,1.60911,0.162538,1.78941
1.304,0.0909854,0.36453,-0.419773,-1.14616,1.60872,0.162632,1.79042
1.306,0.0912792,0.364398,-0.420719,-1.14564,1.60833,0.162726,1.79143
1.308,0.0915735,0.364265,-0.421666,-1.14512,1.60793,0.16282,1.79244
1.31,0.0918681,0.364132,-0.422613,-1.1446,1.60754,0.162915,1.79345
1.312,0.0921631,0.363999,-0.423562,-1.14408,1.60715,0.163011,1.79446
1.314,0.0924582,0.363865,-0.424511,-1.14356,1.60676,0.163107,1.79547
1.316,0.0927535,0.36373,-0.42546,-1.14304,1.60637,0.163204,1.79649
1.318,0.0930489,0.363595,-0.426409,-1.14252,1.60598,0.163301,1.7975
1.32,0.0933443,0.36346,-0.427358,-1.142,1.60559,0.163399,1.79851
1.322,0.0936396,0.363324,-0.428307,-1.14148,1.6052,0.163497,1.79953
1.324,0.0939347,0.363187,-0.429255,-1.14097,1.60481,0.163596,1.80054
1.326,0.0942297,0.363051,-0.430202,-1.14045,1.60443,0.163695,1.80156
1.328,0.0945243,0.362914,-0.431148,-1.13994,1.60405,0.163795,1.80257
1.33,0.0948186,0.362777,-0.432093,-1.13943,1.60366,0.163896,1.80358
1.332,0.0951125,0.362639,-0.433037,-1.13892,1.60328,0.163997,1.8046
1.334,0.0954059,0.362501,-0.433979,-1.13842,1.60291,0.164099,1.80561
1.336,0.0956988,0.362363,-0.434919,-1.13791,1.60253,0.164201,1.80662
1.338,0.095991,0.362225,-0.435857,-1.13741,1.60215,0.164304,1.80762
1.34,0.0962825,0.362087,-0.436793,-1.13691,1.60178,0.164407,1.80863
1.342,0.0965733,0.361948,-0.437726,-1.13641,1.60141,0.164511,1.80963
1.344,0.0968632,0.36181,-0.438657,-1.13592,1.60104,0.164615,1.81064
1.346,0.0971523,0.361671,-0.439586,-1.13542,1.60068,0.16472,1.81164
1.348,0.0974405,0.361532,-0.440511,-1.13493,1.60031,0.164826,1.81263
1.35,0.0977276,0.361393,-0.441433,-1.13445,1.59995,0.164932,1.81363
1.352,0.0980137,0.361254,-0.442352,-1.13396,1.5996,0.165038,1.81462
1.354,0.0982986,0.361115,-0.443267,-1.13348,1.59924,0.165145,1.81561
1.356,0.0985824,0.360977,-0.444179,-1.13301,1.59889,0.165253,1.81659
1.358,0.0988649,0.360838,-0.445087,-1.13253,1.59854,0.165361,1.81757
1.36,0.0991462,0.360699,-0.445991,-1.13206,1.59819,0.165469,1.81855
1.362,0.099426,0.360561,-0.44689,-1.13159,1.59785,0.165578,1.81952
1.364,0.0997045,0.360422,-0.447786,-1.13113,1.59751,0.165687,1.82049
1.366,0.0999815,0.360284,-0.448676,-1.13067,1.59717,0.165797,1.82146
1.368,0.100257,0.360146,-0.449562,-1.13021,1.59684,0.165907,1.82242
1.37,0.100531,0.360009,-0.450444,-1.12976,1.5965,0.166018,1.82337
1.372,0.100803,0.359871,-0.45132,-1.12931,1.59618,0.166129,1.82433
1.374,0.101074,0.359734,-0.452191,-1.12887,1.59585,0.16624,1.82527
1.376,0.101343,0.359597,-0.453056,-1.12843,1.59553,0.166352,1.82621
1.378,0.10161,0.359461,-0.453916,-1.12799,1.59521,0.166464,1.82715
1.38,0.101875,0.359325,-0.454771,-1.12756,1.5949,0.166576,1.82808
1.382,0.102139,0.359189,-0.45562,-1.12713,1.59459,0.166689,1.829
1.384,0.1024,0.359054,-0.456462,-1.12671,1.59428,0.166802,1.82992
1.386,0.10266,0.358919,-0.457299,-1.12629,1.59398,0.166915,1.83084
1.388,0.102918,0.358785,-0.458129,-1.12587,1.59368,0.167029,1.83174
1.39,0.103173,0.358651,-0.458953,-1.12546,1.59338,0.167142,1.83264
1.392,0.103427,0.358518,-0.459771,-1.12506,1.59309,0.167256,1.83354
1.394,0.103678,0.358386,-0.460581,-1.12466,1.5928,0.16737,1.83442
1.396,0.103927,0.358254,-0.461385,-1.12426,1.59251,0.167485,1.8353
1.398,0.104174,0.358123,-0.462182,-1.12387,1.59223,0.167599,1.83618
1.4,0.104419,0.357992,-0.462972,-1.12348,1.59195,0.167714,1.83704
1.402,0.104662,0.357862,-0.463755,-1.1231,1.59168,0.167829,1.8379
1.404,0.104902,0.357733,-0.46453,-1.12273,1.59141,0.167944,1.83875
1.406,0.10514,0.357605,-0.465298,-1.12235,1.59114,0.168059,1.8396
1.408,0.105375,0.357477,-0.466058,-1.12199,1.59088,0.168174,1.84043
1.41,0.105608,0.35735,-0.466811,-1.12163,1.59062,0.168289,1.84126
1.412,0.105839,0.357225,-0.467556,-1.12127,1.59036,0.168404,1.84208
1.414,0.106067,0.3571,-0.468293,-1.12092,1.59011,0.168519,1.84289
1.416,0.106292,0.356975,-0.469022,-1.12057,1.58986,0.168634,1.8437
1.418,0.106515,0.356852,-0.469743,-1.12023,1.58962,0.168749,1.84449
1.42,0.106736,0.35673,-0.470455,-1.1199,1.58938,0.168863,1.84528
1.422,0.106954,0.356609,-0.471159,-1.11957,1.58914,0.168978,1.84606
1.424,0.107169,0.356489,-0.471855,-1.11925,1.58891,0.169093,1.84683
1.426,0.107381,0.356369,-0.472542,-1.11893,1.58868,0.169207,1.84759
1.428,0.107591,0.356251,-0.47322,-1.11861,1.58846,0.169321,1.84834
1.43,0.107798,0.356134,-0.47389,-1.1183,1.58824,0.169435,1.84908
1.432,0.108003,0.356018,-0.47455,-1.118,1.58802,0.169549,1.84981
1.434,0.108204,0.355904,-0.475202,-1.1177,1.58781,0.169662,1.85054
1.436,0.108403,0.35579,-0.475845,-1.11741,1.5876,0.169775,1.85125
1.438,0.108599,0.355678,-0.476479,-1.11713,1.58739,0.169888,1.85196
1.44,0.108792,0.355566,-0.477103,-1.11685,1.58719,0.170001,1.85265
1.442,0.108982,0.355456,-0.477718,-1.11657,1.58699,0.170113,1.85334
1.444,0.10917,0.355348,-0.478324,-1.1163,1.58679,0.170224,1.85401
1.446,0.109354,0.35524,-0.47892,-1.11604,1.5866,0.170336,1.85468
1.448,0.109536,0.355134,-0.479507,-1.11578,1.58641,0.170446,1.85534
1.45,0.109715,0.355029,-0.480084,-1.11553,1.58623,0.170557,1.85598
1.452,0.109891,0.354926,-0.480652,-1.11528,1.58605,0.170666,1.85662
1.454,0.110064,0.354823,-0.48121,-1.11504,1.58587,0.170776,1.85724
1.456,0.110233,0.354723,-0.481758,-1.1148,1.5857,0.170884,1.85786
1.458,0.1104,0.354623,-0.482296,-1.11457,1.58553,0.170993,1.85846
1.46,0.110564,0.354525,-0.482824,-1.11435,1.58536,0.1711,1.85905
1.462,0.110725,0.354429,-0.483343,-1.11413,1.5852,0.171207,1.85964
1.464,0.110883,0.354334,-0.483851,-1.11392,1.58504,0.171313,1.86021
1.466,0.111038,0.35424,-0.484349,-1.11371,1.58488,0.171419,1.86077
1.468,0.11119,0.354148,-0.484837,-1.11351,1.58473,0.171523,1.86132
1.47,0.111338,0.354058,-0.485315,-1.11331,1.58458,0.171628,1.86186
1.472,0.111484,0.353969,-0.485783,-1.11312,1.58444,0.171731,1.86239
1.474,0.111627,0.353882,-0.486241,-1.11294,1.58429,0.171833,1.86291
1.476,0.111766,0.353796,-0.486688,-1.11276,1.58415,0.171935,1.86342
1.478,0.111903,0.353711,-0.487125,-1.11258,1.58402,0.172036,1.86391
1.48,0.112036,0.353629,-0.487552,-1.11242,1.58388,0.172136,1.8644
1.482,0.112166,0.353548,-0.487968,-1.11225,1.58375,0.172235,1.86487
1.484,0.112294,0.353468,-0.488373,-1.1121,1.58363,0.172333,1.86533
1.486,0.112418,0.35339,-0.488769,-1.11195,1.5835,0.172431,1.86578
1.488,0.112539,0.353314,-0.489154,-1.1118,1.58338,0.172527,1.86622
1.49,0.112657,0.35324,-0.489528,-1.11166,1.58326,0.172623,1.86665
1.492,0.112771,0.353167,-0.489892,-1.11153,1.58315,0.172717,1.86707
1.494,0.112883,0.353096,-0.490245,-1.1114,1.58304,0.17281,1.86747
1.496,0.112992,0.353026,-0.490588,-1.11128,1.58293,0.172903,1.86786
1.498,0.113097,0.352959,-0.49092,-1.11116,1.58282,0.172994,1.86825
1.5,0.113199,0.352893,-0.491242,-1.11105,1.58272,0.173084,1.86862
1.502,0.113299,0.352828,-0.491553,-1.11094,1.58262,0.173174,1.86898
1.504,0.113395,0.352766,-0.491854,-1.11084,1.58252,0.173262,1.86932
1.506,0.113488,0.352705,-0.492144,-1.11074,1.58243,0.173349,1.86966
1.508,0.113578,0.352646,-0.492423,-1.11065,1.58233,0.173435,1.86999
1.51,0.113665,0.352588,-0.492692,-1.11057,1.58224,0.173519,1.8703
1.512,0.113749,0.352533,-0.492951,-1.11049,1.58216,0.173603,1.8706
1.514,0.113829,0.352479,-0.493199,-1.11041,1.58207,0.173685,1.87089
1.516,0.113907,0.352427,-0.493436,-1.11034,1.58199,0.173766,1.87117
1.518,0.113981,0.352377,-0.493663,-1.11028,1.58191,0.173846,1.87144
1.52,0.114053,0.352328,-0.493879,-1.11022,1.58184,0.173925,1.87169
1.522,0.114121,0.352281,-0.494084,-1.11017,1.58176,0.174002,1.87193
1.524,0.114187,0.352236,-0.49428,-1.11012,1.58169,0.174078,1.87217
1.526,0.114249,0.352193,-0.494465,-1.11008,1.58162,0.174153,1.87239
1.528,0.114308,0.352152,-0.494639,-1.11004,1.58156,0.174227,1.8726
1.53,0.114365,0.352112,-0.494803,-1.11001,1.58149,0.174299,1.87279
1.532,0.114418,0.352074,-0.494956,-1.10998,1.58143,0.17437,1.87298
1.534,0.114468,0.352038,-0.4951,-1.10996,1.58137,0.17444,1.87316
1.536,0.114516,0.352004,-0.495232,-1.10994,1.58131,0.174508,1.87332
1.538,0.11456,0.351972,-0.495355,-1.10993,1.58126,0.174575,1.87347
1.54,0.114601,0.351941,-0.495467,-1.10992,1.58121,0.174641,1.87361
1.542,0.11464,0.351912,-0.49557,-1.10992,1.58115,0.174705,1.87374
1.544,0.114675,0.351885,-0.495662,-1.10992,1.58111,0.174768,1.87386
1.546,0.114708,0.35186,-0.495743,-1.10993,1.58106,0.17483,1.87397
1.548,0.114737,0.351836,-0.495815,-1.10994,1.58102,0.17489,1.87406
1.55,0.114764,0.351814,-0.495877,-1.10996,1.58097,0.174949,1.87415
1.552,0.114788,0.351794,-0.495929,-1.10998,1.58093,0.175006,1.87422
1.554,0.114809,0.351776,-0.495971,-1.11001,1.5809,0.175063,1.87428
1.556,0.114827,0.351759,-0.496003,-1.11004,1.58086,0.175117,1.87433
1.558,0.114843,0.351744,-0.496025,-1.11008,1.58083,0.175171,1.87437
1.56,0.114855,0.351731,-0.496037,-1.11012,1.58079,0.175223,1.8744
1.562,0.114865,0.35172,-0.49604,-1.11016,1.58076,0.175273,1.87442
1.564,0.114872,0.35171,-0.496033,-1.11021,1.58074,0.175322,1.87443
1.566,0.114876,0.351702,-0.496016,-1.11027,1.58071,0.17537,1.87443
1.568,0.114877,0.351696,-0.49599,-1.11033,1.58069,0.175417,1.87442
1.57,0.114876,0.351691,-0.495954,-1.11039,1.58066,0.175462,1.87439
1.572,0.114872,0.351688,-0.495909,-1.11046,1.58064,0.175505,1.87436
1.574,0.114865,0.351687,-0.495855,-1.11053,1.58062,0.175548,1.87431
1.576,0.114856,0.351687,-0.495792,-1.11061,1.58061,0.175589,1.87426
1.578,0.114844,0.351689,-0.495719,-1.11069,1.58059,0.175628,1.87419
1.58,0.114829,0.351693,-0.495637,-1.11077,1.58058,0.175666,1.87412
1.582,0.114812,0.351698,-0.495546,-1.11086,1.58057,0.175703,1.87403
1.584,0.114792,0.351705,-0.495447,-1.11096,1.58056,0.175738,1.87394
1.586,0.11477,0.351713,-0.495338,-1.11105,1.58055,0.175772,1.87383
1.588,0.114745,0.351723,-0.495221,-1.11116,1.58054,0.175805,1.87372
1.59,0.114718,0.351735,-0.495094,-1.11126,1.58054,0.175836,1.87359
1.592,0.114688,0.351748,-0.49496,-1.11137,1.58053,0.175867,1.87346
1.594,0.114655,0.351763,-0.494816,-1.11149,1.58053,0.175895,1.87331
1.596,0.114621,0.351779,-0.494665,-1.11161,1.58053,0.175923,1.87316
1.598,0.114583,0.351796,-0.494505,-1.11173,1.58053,0.175949,1.873
1.6,0.114544,0.351815,-0.494336,-1.11185,1.58053,0.175973,1.87282
1.602,0.114502,0.351836,-0.49416,-1.11198,1.58054,0.175997,1.87264
1.604,0.114457,0.351858,-0.493975,-1.11212,1.58055,0.176019,1.87245
1.606,0.114411,0.351881,-0.493783,-1.11225,1.58055,0.17604,1.87225
1.608,0.114362,0.351906,-0.493582,-1.11239,1.58056,0.17606,1.87204
1.61,0.114311,0.351933,-0.493374,-1.11254,1.58057,0.176078,1.87183
1.612,0.114257,0.35196,-0.493158,-1.11269,1.58058,0.176095,1.8716
1.614,0.114201,0.351989,-0.492934,-1.11284,1.5806,0.176111,1.87137
1.616,0.114144,0.352019,-0.492703,-1.11299,1.58061,0.176126,1.87113
1.618,0.114084,0.352051,-0.492465,-1.11315,1.58063,0.176139,1.87087
1.62,0.114021,0.352084,-0.492219,-1.11331,1.58065,0.176152,1.87062
1.622,0.113957,0.352118,-0.491966,-1.11348,1.58067,0.176163,1.87035
1.624,0.113891,0.352154,-0.491706,-1.11365,1.58069,0.176173,1.87007
1.626,0.113822,0.35219,-0.491439,-1.11382,1.58071,0.176182,1.86979
1.628,0.113752,0.352228,-0.491165,-1.11399,1.58073,0.17619,1.8695
1.63,0.11368,0.352267,-0.490884,-1.11417,1.58076,0.176196,1.8692
1.632,0.113605,0.352308,-0.490597,-1.11435,1.58078,0.176202,1.8689
1.634,0.113529,0.352349,-0.490303,-1.11454,1.58081,0.176207,1.86858
1.636,0.113451,0.352392,-0.490003,-1.11472,1.58084,0.17621,1.86826
1.638,0.113371,0.352435,-0.489697,-1.11491,1.58087,0.176213,1.86794
1.64,0.113289,0.35248,-0.489384,-1.11511,1.5809,0.176214,1.8676
1.642,0.113205,0.352526,-0.489065,-1.1153,1.58093,0.176214,1.86726
1.644,0.113119,0.352573,-0.48874,-1.1155,1.58096,0.176214,1.86691
1.646,0.113032,0.352621,-0.488409,-1.1157,1.581,0.176212,1.86656
1.648,0.112943,0.35267,-0.488073,-1.11591,1.58103,0.17621,1.8662
1.65,0.112853,0.35272,-0.487731,-1.11611,1.58107,0.176206,1.86583
1.652,0.11276,0.35277,-0.487383,-1.11632,1.58111,0.176202,1.86546
1.654,0.112666,0.352822,-0.48703,-1.11654,1.58115,0.176197,1.86508
1.656,0.112571,0.352875,-0.486672,-1.11675,1.58119,0.176191,1.86469
1.658,0.112473,0.352928,-0.486308,-1.11697,1.58123,0.176184,1.8643
1.66,0.112375,0.352983,-0.48594,-1.11719,1.58128,0.176176,1.8639
1.662,0.112275,0.353038,-0.485566,-1.11741,1.58132,0.176168,1.8635
1.664,0.112173,0.353094,-0.485188,-1.11763,1.58137,0.176158,1.86309
1.666,0.11207,0.353151,-0.484805,-1.11786,1.58141,0.176148,1.86268
1.668,0.111965,0.353209,-0.484418,-1.11809,1.58146,0.176137,1.86226
1.67,0.111859,0.353267,-0.484026,-1.11832,1.58151,0.176125,1.86184
1.672,0.111752,0.353326,-0.483629,-1.11855,1.58156,0.176113,1.86141
1.674,0.111643,0.353386,-0.483229,-1.11879,1.58161,0.1761,1.86098
1.676,0.111534,0.353446,-0.482824,-1.11902,1.58167,0.176086,1.86054
1.678,0.111423,0.353508,-0.482416,-1.11926,1.58172,0.176072,1.8601
1.68,0.11131,0.353569,-0.482004,-1.1195,1.58177,0.176057,1.85965
1.682,0.111197,0.353632,-0.481588,-1.11975,1.58183,0.176042,1.8592
1.684,0.111082,0.353695,-0.481168,-1.11999,1.58189,0.176025,1.85875
1.686,0.110966,0.353758,-0.480745,-1.12024,1.58194,0.176009,1.85829
1.688,0.110849,0.353822,-0.480319,-1.12049,1.582,0.175991,1.85783
1.69,0.110732,0.353887,-0.479889,-1.12074,1.58206,0.175974,1.85737
1.692,0.110613,0.353952,-0.479456,-1.12099,1.58212,0.175955,1.8569
1.694,0.110493,0.354017,-0.479021,-1.12124,1.58218,0.175937,1.85642
1.696,0.110372,0.354083,-0.478582,-1.12149,1.58225,0.175917,1.85595
1.698,0.11025,0.354149,-0.478141,-1.12175,1.58231,0.175898,1.85547
1.7,0.110128,0.354216,-0.477697,-1.12201,1.58237,0.175878,1.85499
1.702,0.110004,0.354283,-0.477251,-1.12226,1.58244,0.175857,1.85451
1.704,0.10988,0.35435,-0.476802,-1.12252,1.58251,0.175836,1.85402
1.706,0.109755,0.354418,-0.476351,-1.12278,1.58257,0.175815,1.85353
1.708,0.109629,0.354486,-0.475898,-1.12305,1.58264,0.175793,1.85304
1.71,0.109502,0.354555,-0.475443,-1.12331,1.58271,0.175772,1.85255
1.712,0.109375,0.354623,-0.474986,-1.12357,1.58278,0.175749,1.85205
1.714,0.109247,0.354692,-0.474527,-1.12384,1.58285,0.175727,1.85155
1.716,0.109118,0.354761,-0.474067,-1.1241,1.58292,0.175704,1.85105
1.718,0.108989,0.35483,-0.473605,-1.12437,1.58299,0.175681,1.85055
1.72,0.10886,0.3549,-0.473142,-1.12464,1.58307,0.175658,1.85005
1.722,0.108729,0.354969,-0.472678,-1.1249,1.58314,0.175635,1.84955
1.724,0.108599,0.355039,-0.472212,-1.12517,1.58322,0.175611,1.84904
1.726,0.108468,0.355109,-0.471746,-1.12544,1.58329,0.175587,1.84853
1.728,0.108336,0.355179,-0.471278,-1.12571,1.58337,0.175564,1.84803
1.73,0.108204,0.355249,-0.47081,-1.12598,1.58344,0.17554,1.84752
1.732,0.108072,0.355319,-0.470341,-1.12625,1.58352,0.175516,1.84701
1.734,0.107939,0.355388,-0.469872,-1.12653,1.5836,0.175491,1.8465
1.736,0.107806,0.355458,-0.469402,-1.1268,1.58368,0.175467,1.84599
1.738,0.107673,0.355528,-0.468931,-1.12707,1.58376,0.175443,1.84548
1.74,0.10754,0.355598,-0.468461,-1.12734,1.58384,0.175419,1.84497
1.742,0.107406,0.355668,-0.46799,-1.12761,1.58392,0.175394,1.84446
1.744,0.107272,0.355738,-0.46752,-1.12789,1.584,0.17537,1.84395
1.746,0.107138,0.355808,-0.467049,-1.12816,1.58408,0.175346,1.84344
1.748,0.107004,0.355877,-0.466579,-1.12843,1.58416,0.175322,1.84293
1.75,0.10687,0.355947,-0.466109,-1.12871,1.58424,0.175298,1.84242
1.752,0.106736,0.356016,-0.46564,-1.12898,1.58433,0.175274,1.84191
1.754,0.106602,0.356085,-0.465171,-1.12925,1.58441,0.17525,1.8414
1.756,0.106468,0.356154,-0.464703,-1.12952,1.5845,0.175226,1.84089
1.758,0.106334,0.356223,-0.464236,-1.1298,1.58458,0.175202,1.84039
1.76,0.1062,0.356291,-0.463769,-1.13007,1.58467,0.175178,1.83988
1.762,0.106066,0.356359,-0.463304,-1.13034,1.58475,0.175155,1.83938
1.764,0.105933,0.356427,-0.46284,-1.13061,1.58484,0.175132,1.83887
1.766,0.105799,0.356495,-0.462376,-1.13088,1.58492,0.175108,1.83837
1.768,0.105666,0.356563,-0.461915,-1.13115,1.58501,0.175085,1.83787
1.77,0.105533,0.35663,-0.461454,-1.13142,1.5851,0.175063,1.83737
1.772,0.1054,0.356696,-0.460995,-1.13169,1.58518,0.17504,1.83687
1.774,0.105268,0.356763,-0.460538,-1.13196,1.58527,0.175018,1.83638
1.776,0.105136,0.356829,-0.460083,-1.13223,1.58536,0.174996,1.83588
1.778,0.105004,0.356895,-0.459629,-1.1325,1.58544,0.174974,1.83539
1.78,0.104873,0.35696,-0.459177,-1.13276,1.58553,0.174953,1.8349
1.782,0.104742,0.357025,-0.458727,-1.13303,1.58562,0.174932,1.83442
1.784,0.104611,0.357089,-0.45828,-1.13329,1.58571,0.174911,1.83393
1.786,0.104481,0.357153,-0.457834,-1.13356,1.5858,0.17489,1.83345
1.788,0.104352,0.357217,-0.457391,-1.13382,1.58589,0.17487,1.83297
1.79,0.104223,0.35728,-0.45695,-1.13408,1.58597,0.17485,1.83249
1.792,0.104094,0.357343,-0.456512,-1.13434,1.58606,0.174831,1.83202
1.794,0.103966,0.357405,-0.456076,-1.1346,1.58615,0.174812,1.83155
1.796,0.103839,0.357466,-0.455643,-1.13486,1.58624,0.174793,1.83108
1.798,0.103712,0.357528,-0.455212,-1.13512,1.58633,0.174775,1.83061
1.8,0.103587,0.357588,-0.454785,-1.13538,1.58642,0.174757,1.83015
1.802,0.103461,0.357648,-0.45436,-1.13563,1.5865,0.174739,1.82969
1.804,0.103337,0.357708,-0.453938,-1.13588,1.58659,0.174722,1.82924
1.806,0.103213,0.357767,-0.45352,-1.13613,1.58668,0.174705,1.82879
1.808,0.10309,0.357825,-0.453104,-1.13639,1.58677,0.174689,1.82834
1.81,0.102967,0.357883,-0.452692,-1.13663,1.58686,0.174673,1.82789
1.812,0.102846,0.35794,-0.452283,-1.13688,1.58694,0.174657,1.82745
1.814,0.102725,0.357997,-0.451877,-1.13713,1.58703,0.174642,1.82701
1.816,0.102606,0.358053,-0.451475,-1.13737,1.58712,0.174628,1.82658
1.818,0.102487,0.358108,-0.451076,-1.13761,1.5872,0.174614,1.82615
1.82,0.102369,0.358163,-0.450681,-1.13786,1.58729,0.1746,1.82572
1.822,0.102252,0.358217,-0.450289,-1.13809,1.58738,0.174587,1.8253
1.824,0.102135,0.358271,-0.449901,-1.13833,1.58746,0.174575,1.82488
1.826,0.10202,0.358324,-0.449517,-1.13857,1.58755,0.174562,1.82447
1.828,0.101906,0.358376,-0.449137,-1.1388,1.58763,0.174551,1.82406
1.83,0.101793,0.358427,-0.448761,-1.13903,1.58771,0.17454,1.82366
1.832,0.101681,0.358478,-0.448389,-1.13926,1.5878,0.174529,1.82326
1.834,0.10157,0.358528,-0.448021,-1.13949,1.58788,0.174519,1.82286
1.836,0.10146,0.358578,-0.447657,-1.13972,1.58796,0.17451,1.82247
1.838,0.101351,0.358626,-0.447297,-1.13994,1.58805,0.1745,1.82208
1.84,0.101243,0.358674,-0.446941,-1.14016,1.58813,0.174492,1.8217
1.842,0.101137,0.358721,-0.446589,-1.14038,1.58821,0.174484,1.82132
1.844,0.101031,0.358768,-0.446242,-1.1406,1.58829,0.174477,1.82095
1.846,0.100927,0.358814,-0.4459,-1.14081,1.58837,0.17447,1.82058
1.848,0.100824,0.358859,-0.445561,-1.14103,1.58845,0.174463,1.82022
1.85,0.100722,0.358903,-0.445228,-1.14124,1.58852,0.174458,1.81986
1.852,0.100621,0.358947,-0.444898,-1.14144,1.5886,0.174452,1.81951
1.854,0.100521,0.35899,-0.444574,-1.14165,1.58868,0.174448,1.81916
1.856,0.100423,0.359032,-0.444254,-1.14185,1.58875,0.174444,1.81882
1.858,0.100326,0.359073,-0.443938,-1.14206,1.58883,0.17444,1.81848
1.86,0.100231,0.359114,-0.443627,-1.14225,1.5889,0.174437,1.81815
1.862,0.100136,0.359153,-0.443322,-1.14245,1.58898,0.174435,1.81782
1.864,0.100043,0.359192,-0.44302,-1.14265,1.58905,0.174433,1.8175
1.866,0.0999515,0.359231,-0.442724,-1.14284,1.58912,0.174432,1.81718
1.868,0.0998611,0.359268,-0.442433,-1.14303,1.58919,0.174431,1.81687
1.87,0.0997721,0.359305,-0.442146,-1.14321,1.58926,0.174431,1.81657
1.872,0.0996844,0.35934,-0.441864,-1.1434,1.58933,0.174431,1.81627
1.874,0.0995981,0.359376,-0.441588,-1.14358,1.5894,0.174432,1.81597
1.876,0.0995132,0.35941,-0.441316,-1.14376,1.58946,0.174434,1.81568
1.878,0.0994297,0.359443,-0.441049,-1.14393,1.58953,0.174436,1.8154
1.88,0.0993476,0.359476,-0.440788,-1.14411,1.58959,0.174439,1.81512
1.882,0.099267,0.359508,-0.440531,-1.14428,1.58966,0.174442,1.81485
1.884,0.0991878,0.359539,-0.44028,-1.14444,1.58972,0.174446,1.81458
1.886,0.09911,0.359569,-0.440034,-1.14461,1.58978,0.17445,1.81432
1.888,0.0990337,0.359599,-0.439792,-1.14477,1.58984,0.174455,1.81406
1.89,0.0989589,0.359628,-0.439557,-1.14493,1.5899,0.174461,1.81381
1.892,0.0988855,0.359655,-0.439326,-1.14509,1.58995,0.174467,1.81357
1.894,0.0988136,0.359682,-0.4391,-1.14524,1.59001,0.174474,1.81333
1.896,0.0987432,0.359709,-0.43888,-1.1454,1.59007,0.174481,1.81309
1.898,0.0986743,0.359734,-0.438665,-1.14554,1.59012,0.174489,1.81287
1.9,0.0986069,0.359759,-0.438455,-1.14569,1.59017,0.174497,1.81264
1.902,0.098541,0.359783,-0.43825,-1.14583,1.59022,0.174506,1.81243
1.904,0.0984766,0.359806,-0.438051,-1.14597,1.59027,0.174516,1.81222
1.906,0.0984138,0.359828,-0.437857,-1.14611,1.59032,0.174526,1.81201
1.908,0.0983525,0.35985,-0.437668,-1.14624,1.59037,0.174537,1.81182
1.91,0.0982927,0.35987,-0.437485,-1.14638,1.59041,0.174548,1.81162
1.912,0.0982344,0.35989,-0.437306,-1.1465,1.59046,0.17456,1.81144
1.914,0.0981777,0.359909,-0.437133,-1.14663,1.5905,0.174572,1.81125
1.916,0.0981225,0.359927,-0.436966,-1.14675,1.59054,0.174585,1.81108
1.918,0.0980689,0.359945,-0.436804,-1.14687,1.59058,0.174598,1.81091
1.92,0.0980168,0.359962,-0.436647,-1.14699,1.59062,0.174612,1.81074
1.922,0.0979663,0.359977,-0.436495,-1.1471,1.59066,0.174626,1.81059
1.924,0.0979173,0.359992,-0.436349,-1.14722,1.59069,0.174641,1.81043
1.926,0.0978699,0.360007,-0.436208,-1.14732,1.59073,0.174657,1.81029
1.928,0.0978241,0.36002,-0.436072,-1.14743,1.59076,0.174673,1.81015
1.93,0.0977798,0.360033,-0.435941,-1.14753,1.59079,0.17469,1.81001
1.932,0.097737,0.360045,-0.435816,-1.14763,1.59082,0.174707,1.80988
1.934,0.0976959,0.360056,-0.435696,-1.14773,1.59085,0.174724,1.80976
1.936,0.0976562,0.360066,-0.435581,-1.14782,1.59088,0.174742,1.80964
1.938,0.0976182,0.360076,-0.435472,-1.14791,1.5909,0.174761,1.80953
1.94,0.0975817,0.360085,-0.435368,-1.148,1.59093,0.17478,1.80942
1.942,0.0975467,0.360093,-0.435269,-1.14809,1.59095,0.1748,1.80932
1.944,0.0975133,0.3601,-0.435175,-1.14817,1.59097,0.17482,1.80923
1.946,0.0974815,0.360107,-0.435086,-1.14825,1.59099,0.174841,1.80914
1.948,0.0974512,0.360113,-0.435003,-1.14832,1.59101,0.174862,1.80905
1.95,0.0974224,0.360118,-0.434925,-1.1484,1.59102,0.174883,1.80897
1.952,0.0973952,0.360122,-0.434851,-1.14847,1.59104,0.174905,1.8089
1.954,0.0973695,0.360126,-0.434783,-1.14853,1.59105,0.174928,1.80883
1.956,0.0973454,0.360129,-0.43472,-1.1486,1.59106,0.174951,1.80877
1.958,0.0973227,0.360131,-0.434663,-1.14866,1.59107,0.174975,1.80872
1.96,0.0973016,0.360132,-0.43461,-1.14872,1.59108,0.174999,1.80867
1.962,0.0972821,0.360133,-0.434562,-1.14878,1.59109,0.175023,1.80862
1.964,0.097264,0.360133,-0.434519,-1.14883,1.59109,0.175048,1.80858
1.966,0.0972474,0.360132,-0.434481,-1.14888,1.59109,0.175073,1.80855
1.968,0.0972324,0.36013,-0.434448,-1.14893,1.5911,0.175099,1.80852
1.97,0.0972188,0.360128,-0.43442,-1.14897,1.5911,0.175125,1.80849
1.972,0.0972067,0.360125,-0.434397,-1.14901,1.59109,0.175152,1.80847
1.974,0.0971961,0.360121,-0.434379,-1.14905,1.59109,0.175179,1.80846
1.976,0.097187,0.360117,-0.434365,-1.14909,1.59109,0.175207,1.80845
1.978,0.0971793,0.360112,-0.434356,-1.14912,1.59108,0.175234,1.80845
1.98,0.0971731,0.360107,-0.434352,-1.14915,1.59107,0.175263,1.80845
1.982,0.0971683,0.3601,-0.434353,-1.14918,1.59106,0.175292,1.80846
1.984,0.097165,0.360093,-0.434358,-1.14921,1.59105,0.175321,1.80847
1.986,0.0971631,0.360085,-0.434368,-1.14923,1.59104,0.17535,1.80849
1.988,0.0971626,0.360077,-0.434383,-1.14925,1.59103,0.175381,1.80851
1.99,0.0971635,0.360068,-0.434402,-1.14927,1.59101,0.175411,1.80854
1.992,0.0971658,0.360059,-0.434426,-1.14928,1.59099,0.175442,1.80857
1.994,0.0971695,0.360048,-0.434454,-1.1493,1.59098,0.175473,1.80861
1.996,0.0971746,0.360037,-0.434487,-1.14931,1.59096,0.175504,1.80865
1.998,0.097181,0.360026,-0.434524,-1.14931,1.59093,0.175536,1.8087
