time,x,y,theta,q1,q2,q3,q4
0.002,1.93431e-23,0.649961,-5.32907e-21,-1.0472,1.5708,3.08382e-20,1.5708
0.004,1.14874e-22,0.649882,-3.55271e-21,-1.0472,1.5708,7.18412e-20,1.5708
0.006,2.29748e-22,0.649765,-7.10543e-21,-1.0472,1.5708,1.43682e-19,1.5708
0.008,3.63966e-22,0.649608,-1.59872e-20,-1.0472,1.5708,2.46362e-19,1.5708
0.01,5.20886e-22,0.649411,-1.06581e-20,-1.0472,1.5708,3.47832e-19,1.5708
0.012,6.97149e-22,0.649176,-3.55271e-21,-1.0472,1.5708,4.68494e-19,1.5708
0.014,8.96115e-22,0.648901,1.77636e-20,-1.0472,1.5708,5.87946e-19,1.5708
0.016,1.11442e-21,0.648587,4.08562e-20,-1.0472,1.5708,7.2659e-19,1.5708
0.018,1.35544e-21,0.648234,7.81597e-20,-1.0472,1.5708,8.64025e-19,1.5708
0.02,1.61915e-21,0.647842,1.29674e-19,-1.0472,1.5708,1.00025e-18,1.5708
0.022,1.90221e-21,0.64741,1.82965e-19,-1.0472,1.5708,1.15567e-18,1.5708
0.024,2.20461e-21,0.646939,2.38032e-19,-1.0472,1.5708,1.33028e-18,1.5708
0.026,2.52972e-21,0.646429,3.0731e-19,-1.0472,1.5708,1.50367e-18,1.5708
0.028,2.87752e-21,0.64588,3.90799e-19,-1.0472,1.5708,1.67586e-18,1.5708
0.03,3.24467e-21,0.645291,4.76064e-19,-1.0472,1.5708,1.86725e-18,1.5708
0.032,3.63117e-21,0.644663,5.63105e-19,-1.0472,1.5708,2.07782e-18,1.5708
0.034,4.04036e-21,0.643996,6.64357e-19,-1.0472,1.5708,2.28718e-18,1.5708
0.036,4.4689e-21,0.64329,7.67386e-19,-1.0472,1.5708,2.51574e-18,1.5708
0.038,4.91678e-21,0.642544,8.72191e-19,-1.0472,1.5708,2.76348e-18,1.5708
0.04,5.44085e-21,0.64176,9.84102e-19,-1.0472,1.5708,3.02139e-18,1.5708
0.042,5.98427e-21,0.640936,1.09068e-18,-1.0472,1.5708,3.31014e-18,1.5708
0.044,6.60387e-21,0.640072,1.20437e-18,-1.0472,1.5708,3.60905e-18,1.5708
0.046,7.08236e-21,0.63917,1.31273e-18,-1.0472,1.5708,3.93963e-18,1.5708
0.048,7.41973e-21,0.638228,1.41576e-18,-1.0472,1.5708,4.30186e-18,1.5708
0.05,7.56587e-21,0.637247,1.51523e-18,-1.0472,1.5708,4.69309e-18,1.5708
0.052,7.5709e-21,0.636227,1.60938e-18,-1.0472,1.5708,5.11598e-18,1.5708
0.054,7.59527e-21,0.635167,1.6982e-18,-1.0472,1.5708,5.56971e-18,1.5708
0.056,7.69583e-21,0.634069,1.79412e-18,-1.0472,1.5708,6.03361e-18,1.5708
0.058,7.81573e-21,0.632931,1.88471e-18,-1.0472,1.5708,6.52834e-18,1.5708
0.06,8.06194e-21,0.631753,1.97709e-18,-1.0472,1.5708,7.02796e-18,1.5708
0.062,8.49131e-21,0.630537,2.08367e-18,-1.0472,1.5708,7.51178e-18,1.5708
0.064,9.047e-21,0.629281,2.19202e-18,-1.0472,1.5708,8.00048e-18,1.5708
0.066,9.78584e-21,0.627986,2.31459e-18,-1.0472,1.5708,8.47339e-18,1.5708
0.068,1.0651e-20,0.626652,2.43894e-18,-1.0472,1.5708,8.95119e-18,1.5708
0.07,1.16993e-20,0.625279,2.57749e-18,-1.0472,1.5708,9.41319e-18,1.5708
0.072,1.29308e-20,0.623866,2.73026e-18,-1.0472,1.5708,9.85939e-18,1.5708
0.074,1.42886e-20,0.622414,2.8848e-18,-1.0472,1.5708,1.03105e-17,1.5708
0.076,1.57727e-20,0.620923,3.04112e-18,-1.0472,1.5708,1.07664e-17,1.5708
0.078,1.75436e-20,0.619393,3.19922e-18,-1.0472,1.5708,1.12127e-17,1.5708
0.08,1.96045e-20,0.617823,3.37153e-18,-1.0472,1.5708,1.16289e-17,1.5708
0.082,2.19523e-20,0.616214,3.54561e-18,-1.0472,1.5708,1.20353e-17,1.5708
0.084,2.44264e-20,0.614566,3.72147e-18,-1.0472,1.5708,1.24467e-17,1.5708
0.086,2.68663e-20,0.612879,3.8991e-18,-1.0472,1.5708,1.28637e-17,1.5708
0.088,2.92721e-20,0.611152,4.07852e-18,-1.0472,1.5708,1.32865e-17,1.5708
0.09,3.19146e-20,0.609387,4.27924e-18,-1.0472,1.5708,1.36677e-17,1.5708
0.092,3.48438e-20,0.607582,4.48175e-18,-1.0472,1.5708,1.40393e-17,1.5708
0.094,3.80598e-20,0.605737,4.68603e-18,-1.0472,1.5708,1.44012e-17,1.5708
0.096,4.15625e-20,0.603854,4.89209e-18,-1.0472,1.5708,1.47533e-17,1.5708
0.098,4.53019e-20,0.601931,5.11946e-18,-1.0472,1.5708,1.5064e-17,1.5708
0.1,4.92746e-20,0.599969,5.35572e-18,-1.0472,1.5708,1.53536e-17,1.5708
0.102,5.34805e-20,0.597968,5.60085e-18,-1.0472,1.5708,1.56222e-17,1.5708
0.104,5.79198e-20,0.595927,5.85487e-18,-1.0472,1.5708,1.58696e-17,1.5708
0.106,6.25923e-20,0.593848,6.11777e-18,-1.0472,1.5708,1.6096e-17,1.5708
0.108,6.74446e-20,0.591729,6.39133e-18,-1.0472,1.5708,1.62986e-17,1.5708
0.11,7.24768e-20,0.58957,6.67555e-18,-1.0472,1.5708,1.64776e-17,1.5708
0.112,7.75158e-20,0.587373,6.9722e-18,-1.0472,1.5708,1.66308e-17,1.5708
0.114,8.25618e-20,0.585136,7.28129e-18,-1.0472,1.5708,1.67583e-17,1.5708
0.116,8.77876e-20,0.58286,7.60103e-18,-1.0472,1.5708,1.6862e-17,1.5708
0.118,9.32343e-20,0.580545,7.94387e-18,-1.0472,1.5708,1.69215e-17,1.5708
0.12,9.88608e-20,0.578191,8.29736e-18,-1.0472,1.5708,1.69572e-17,1.5708
0.122,1.04667e-19,0.575797,8.66152e-18,-1.0472,1.5708,1.69692e-17,1.5708
0.124,1.10694e-19,0.573364,9.04876e-18,-1.0472,1.5708,1.69369e-17,1.5708
0.126,1.16901e-19,0.570892,9.44667e-18,-1.0472,1.5708,1.68809e-17,1.5708
0.128,1.23288e-19,0.568381,9.85523e-18,-1.0472,1.5708,1.68012e-17,1.5708
0.13,1.29896e-19,0.56583,1.02869e-17,-1.0472,1.5708,1.66771e-17,1.5708
0.132,1.36724e-19,0.56324,1.07416e-17,-1.0472,1.5708,1.65088e-17,1.5708
0.134,1.43732e-19,0.560611,1.1207e-17,-1.0472,1.5708,1.63167e-17,1.5708
0.136,1.5076e-19,0.557943,1.16849e-17,-1.0472,1.5708,1.60989e-17,1.5708
0.138,1.57968e-19,0.555235,1.21734e-17,-1.0472,1.5708,1.58573e-17,1.5708
0.14,1.65355e-19,0.552489,1.26725e-17,-1.0472,1.5708,1.5592e-17,1.5708
0.142,1.72922e-19,0.549703,1.31823e-17,-1.0472,1.5708,1.5303e-17,1.5708
0.144,1.80669e-19,0.546877,1.37028e-17,-1.0472,1.5708,1.49903e-17,1.5708
0.146,1.88637e-19,0.544013,1.42464e-17,-1.0472,1.5708,1.46332e-17,1.5708
0.148,1.96784e-19,0.541109,1.48006e-17,-1.0472,1.5708,1.42525e-17,1.5708
0.15,2.05111e-19,0.538166,1.53655e-17,-1.0472,1.5708,1.3848e-17,1.5708
0.152,2.13619e-19,0.535184,1.5941e-17,-1.0472,1.5708,1.34199e-17,1.5708
0.154,2.22306e-19,0.532162,1.65272e-17,-1.0472,1.5708,1.2968e-17,1.5708
0.156,2.31012e-19,0.529102,1.71259e-17,-1.0472,1.5708,1.24903e-17,1.5708
0.158,2.40021e-19,0.526002,1.7728e-17,-1.0472,1.5708,1.19999e-17,1.5708
0.16,2.49209e-19,0.522862,1.83409e-17,-1.0472,1.5708,1.14858e-17,1.5708
0.162,2.58578e-19,0.519684,1.89644e-17,-1.0472,1.5708,1.0948e-17,1.5708
0.164,2.68249e-19,0.516466,1.95914e-17,-1.0472,1.5708,1.03975e-17,1.5708
0.166,2.78099e-19,0.513209,2.02292e-17,-1.0472,1.5708,9.82324e-18,1.5708
0.168,2.88253e-19,0.509913,2.08704e-17,-1.0472,1.5708,9.23632e-18,1.5708
0.17,2.98655e-19,0.506578,2.15223e-17,-1.0472,1.5708,8.61689e-18,1.5708
0.172,3.09039e-19,0.503203,2.21689e-17,-1.0472,1.5708,7.99252e-18,1.5708
0.174,3.19458e-19,0.499789,2.28173e-17,-1.0472,1.5708,7.3513e-18,1.5708
0.176,3.30126e-19,0.496336,2.34763e-17,-1.0472,1.5708,6.67758e-18,1.5708
0.178,3.4099e-19,0.492844,2.41354e-17,-1.0472,1.5708,5.98909e-18,1.5708
0.18,3.52049e-19,0.489312,2.47944e-17,-1.0472,1.5708,5.28584e-18,1.5708
0.182,3.63304e-19,0.485741,2.54534e-17,-1.0472,1.5708,4.56782e-18,1.5708
0.184,3.74807e-19,0.482131,2.6116e-17,-1.0472,1.5708,3.82895e-18,1.5708
0.186,3.86293e-19,0.478482,2.67733e-17,-1.0472,1.5708,3.08514e-18,1.5708
0.188,3.97974e-19,0.474793,2.74305e-17,-1.0472,1.5708,2.32657e-18,1.5708
0.19,4.0985e-19,0.471066,2.80984e-17,-1.0472,1.5708,1.53577e-18,1.5708
0.192,4.21976e-19,0.467299,2.87699e-17,-1.0472,1.5708,7.24101e-19,1.5708
0.194,4.34351e-19,0.463492,2.94396e-17,-1.0472,1.5708,-9.96891e-20,1.5708
0.196,4.46921e-19,0.459647,3.01199e-17,-1.0472,1.5708,-9.55713e-19,1.5708
0.198,4.5974e-19,0.455762,3.07914e-17,-1.0472,1.5708,-1.81221e-18,1.5708
0.2,4.72648e-19,0.451838,3.1454e-17,-1.0472,1.5708,-2.66837e-18,1.5708
0.202,1.32686e-06,0.447871,2.34151e-05,-1.05087,1.57634,-4.51672e-05,1.57085
0.204,3.57442e-06,0.443861,6.30766e-05,-1.05759,1.58649,-0.000121673,1.57093
0.206,6.27251e-06,0.43981,0.000110685,-1.06686,1.60046,-0.00021351,1.57104
0.208,8.95085e-06,0.435716,0.000157941,-1.07821,1.61757,-0.000304664,1.57117
0.21,1.11747e-05,0.431581,0.000197169,-1.09129,1.63724,-0.000380333,1.57131
0.212,1.25626e-05,0.427405,0.000221637,-1.10578,1.65897,-0.000427527,1.57145
0.214,1.27924e-05,0.423187,0.00022566,-1.12141,1.68235,-0.000435278,1.57159
0.216,1.16003e-05,0.418928,0.000204585,-1.13797,1.70702,-0.00039461,1.57171
0.218,8.77663e-06,0.414628,0.00015471,-1.15527,1.7327,-0.000298379,1.57182
0.22,4.158e-06,0.410287,7.31548e-05,-1.17316,1.75913,-0.000141028,1.57191
0.222,-2.37982e-06,0.405906,-4.22698e-05,-1.19153,1.78612,8.16703e-05,1.57198
0.224,-1.093e-05,0.401484,-0.000193205,-1.21028,1.81349,0.000372884,1.57202
0.226,-2.15618e-05,0.397022,-0.000380872,-1.22933,1.8411,0.000734971,1.57204
0.228,-3.43278e-05,0.392519,-0.000606193,-1.24862,1.86886,0.00116971,1.57203
0.23,-4.92692e-05,0.387976,-0.000869894,-1.26809,1.89668,0.00167851,1.57199
0.232,-6.64212e-05,0.383393,-0.00117259,-1.28773,1.92447,0.00226256,1.57192
0.234,-8.58166e-05,0.37877,-0.00151486,-1.30749,1.95221,0.00292297,1.57182
0.236,-0.00010749,0.374107,-0.0018973,-1.32738,1.97983,0.00366091,1.57169
0.238,-0.000140768,0.370363,-0.00251662,-1.34321,2.00251,0.00478497,1.57163
0.24,-0.000183423,0.367396,-0.0033377,-1.35558,2.02098,0.0062412,1.57157
0.242,-0.000233739,0.365083,-0.00433477,-1.36502,2.03591,0.00799043,1.57146
0.244,-0.000290413,0.363319,-0.00548896,-1.37196,2.04786,0.0100035,1.57124
0.246,-0.000352441,0.362011,-0.00678577,-1.37678,2.0573,0.0122574,1.5709
0.248,-0.000419046,0.361085,-0.00821363,-1.37979,2.06465,0.0147329,1.57041
0.25,-0.000489601,0.360473,-0.00976249,-1.38128,2.07027,0.0174131,1.56977
0.252,-0.000563584,0.36012,-0.0114232,-1.38148,2.07444,0.0202822,1.56898
0.254,-0.000640551,0.359978,-0.013187,-1.3806,2.07742,0.0233252,1.56804
0.256,-0.000720118,0.360007,-0.0150457,-1.37882,2.07943,0.0265274,1.56695
0.258,-0.000801952,0.360173,-0.016991,-1.37628,2.08064,0.0298746,1.56573
0.26,-0.000885781,0.360446,-0.0190157,-1.37312,2.08122,0.0333533,1.56439
0.262,-0.000971363,0.360804,-0.0211126,-1.36945,2.08128,0.0369504,1.56295
0.264,-0.00105848,0.361225,-0.0232748,-1.36537,2.08094,0.0406536,1.56143
0.266,-0.00114693,0.361693,-0.0254958,-1.36095,2.08028,0.0444514,1.55982
0.268,-0.00123654,0.362192,-0.0277696,-1.35626,2.07939,0.0483332,1.55816
0.27,-0.00132721,0.362713,-0.0300912,-1.35137,2.07832,0.0522898,1.55644
0.272,-0.0014188,0.363245,-0.032456,-1.34633,2.07713,0.0563127,1.55468
0.274,-0.00151123,0.36378,-0.0348598,-1.34116,2.07585,0.0603948,1.55288
0.276,-0.00160441,0.364312,-0.0372993,-1.33592,2.07453,0.0645313,1.55105
0.278,-0.0016983,0.364836,-0.0397716,-1.33062,2.0732,0.0687178,1.5492
0.28,-0.00179283,0.365348,-0.0422743,-1.32528,2.07187,0.0729508,1.54735
0.282,-0.00188799,0.365844,-0.0448058,-1.31993,2.07057,0.0772273,1.54552
0.284,-0.00198374,0.366322,-0.0473646,-1.31458,2.06931,0.0815453,1.5437
0.286,-0.00208006,0.366781,-0.0499499,-1.30924,2.06811,0.0859032,1.54192
0.288,-0.00217696,0.367219,-0.0525615,-1.30391,2.06697,0.0903007,1.54017
0.29,-0.00227443,0.367635,-0.0551993,-1.2986,2.06589,0.0947376,1.53845
0.292,-0.00237248,0.368029,-0.0578639,-1.29332,2.06489,0.0992149,1.53677
0.294,-0.00247113,0.3684,-0.0605561,-1.28806,2.06397,0.103734,1.53513
0.296,-0.0025704,0.368749,-0.063277,-1.28283,2.06313,0.108296,1.53352
0.298,-0.00267032,0.369075,-0.0660282,-1.27762,2.06237,0.112905,1.53194
0.3,-0.00277092,0.369379,-0.0688114,-1.27242,2.0617,0.117563,1.53038
0.302,-0.00287224,0.369662,-0.0716287,-1.26724,2.0611,0.122273,1.52886
0.304,-0.00297432,0.369924,-0.0744823,-1.26208,2.06059,0.127039,1.52735
0.306,-0.0030772,0.370165,-0.0773746,-1.25691,2.06015,0.131866,1.52586
0.308,-0.00318093,0.370386,-0.0803082,-1.25175,2.0598,0.136757,1.52438
0.31,-0.00328555,0.370588,-0.083286,-1.24657,2.05952,0.141717,1.52291
0.312,-0.00339113,0.370772,-0.0863107,-1.24139,2.05931,0.146751,1.52144
0.314,-0.00349771,0.370937,-0.0893854,-1.23618,2.05918,0.151863,1.51997
0.316,-0.00360534,0.371085,-0.0925131,-1.23094,2.05911,0.157059,1.5185
0.318,-0.00371409,0.371216,-0.0956971,-1.22567,2.05912,0.162343,1.51703
0.32,-0.003824,0.371332,-0.0989404,-1.22036,2.05919,0.167722,1.51554
0.322,-0.00393513,0.371431,-0.102246,-1.215,2.05933,0.1732,1.51404
0.324,-0.00404754,0.371516,-0.105618,-1.20959,2.05953,0.178783,1.51252
0.326,-0.00416129,0.371586,-0.10906,-1.20411,2.0598,0.184475,1.51099
0.328,-0.00427642,0.371641,-0.112573,-1.19857,2.06012,0.190282,1.50943
0.33,-0.00439301,0.371683,-0.116163,-1.19295,2.0605,0.196211,1.50785
0.332,-0.0045111,0.371712,-0.119832,-1.18725,2.06093,0.202265,1.50624
0.334,-0.00463074,0.371727,-0.123583,-1.18146,2.06142,0.208449,1.50461
0.336,-0.004752,0.37173,-0.12742,-1.17557,2.06197,0.214771,1.50294
0.338,-0.00487493,0.37172,-0.131347,-1.16959,2.06256,0.221233,1.50125
0.34,-0.00499958,0.371698,-0.135365,-1.1635,2.06321,0.227842,1.49952
0.342,-0.005126,0.371663,-0.139478,-1.1573,2.06391,0.234603,1.49776
0.344,-0.00525425,0.371617,-0.14369,-1.15098,2.06465,0.241519,1.49596
0.346,-0.00538438,0.371558,-0.148004,-1.14454,2.06544,0.248597,1.49413
0.348,-0.00551643,0.371487,-0.152422,-1.13796,2.06628,0.25584,1.49227
0.35,-0.00565015,0.371405,-0.156942,-1.1311,2.06698,0.263245,1.49036
0.352,-0.00578597,0.37131,-0.161574,-1.12413,2.06776,0.270827,1.4884
0.354,-0.00592394,0.371203,-0.166319,-1.11705,2.06863,0.278591,1.48639
0.356,-0.00606409,0.371083,-0.171179,-1.10984,2.06956,0.286539,1.48432
0.358,-0.00620646,0.37095,-0.176158,-1.1025,2.07057,0.294677,1.48217
0.36,-0.00635111,0.370804,-0.181257,-1.09502,2.07164,0.303008,1.47993
0.362,-0.00649807,0.370645,-0.186478,-1.08739,2.07278,0.311537,1.4776
0.364,-0.00664739,0.370472,-0.191823,-1.07961,2.07397,0.320267,1.47517
0.366,-0.00679879,0.370285,-0.197291,-1.07152,2.07502,0.329193,1.47263
0.368,-0.00695271,0.370084,-0.202888,-1.06329,2.07617,0.33833,1.46997
0.37,-0.00710917,0.369868,-0.208616,-1.05493,2.0774,0.347681,1.4672
0.372,-0.0072682,0.369637,-0.214479,-1.04641,2.07871,0.357248,1.4643
0.374,-0.00742984,0.369392,-0.220476,-1.03774,2.0801,0.367034,1.46128
0.376,-0.00759409,0.36913,-0.226611,-1.0289,2.08154,0.377042,1.45814
0.378,-0.00776101,0.368854,-0.232885,-1.01988,2.08305,0.387274,1.45487
0.38,-0.00793027,0.368561,-0.239294,-1.01053,2.08441,0.397723,1.45148
0.382,-0.00810232,0.368252,-0.245846,-1.00103,2.08588,0.408402,1.44797
0.384,-0.00827714,0.367925,-0.252541,-0.99137,2.08742,0.419311,1.44433
0.386,-0.00845475,0.367582,-0.25938,-0.981539,2.08904,0.430451,1.44057
0.388,-0.00863515,0.36722,-0.266364,-0.971532,2.09073,0.441822,1.4367
0.39,-0.00881568,0.36682,-0.273348,-0.961498,2.09237,0.453184,1.43276
0.392,-0.00899676,0.366379,-0.280338,-0.951611,2.09423,0.464548,1.42877
0.394,-0.00918178,0.365927,-0.287534,-0.941435,2.09614,0.476252,1.42457
0.396,-0.00937058,0.365462,-0.294926,-0.930979,2.09809,0.488279,1.42017
0.398,-0.00956303,0.364984,-0.302509,-0.920254,2.10009,0.500613,1.4156
0.4,-0.00975866,0.36449,-0.310271,-0.909109,2.10192,0.513233,1.41088
0.402,-0.00995777,0.363979,-0.318211,-0.897745,2.10383,0.526135,1.40602
0.404,-0.0101602,0.363449,-0.326322,-0.886165,2.10581,0.539309,1.40103
0.406,-0.0103633,0.362879,-0.334438,-0.874708,2.10798,0.552478,1.39598
0.408,-0.0105665,0.36227,-0.342553,-0.86322,2.11008,0.565631,1.39085
0.41,-0.0107742,0.361647,-0.350893,-0.851418,2.11224,0.579151,1.38551
0.412,-0.0109859,0.361008,-0.359443,-0.839321,2.11445,0.59301,1.38
0.414,-0.0112016,0.360351,-0.36819,-0.826946,2.11671,0.607184,1.37434
0.416,-0.0114206,0.359675,-0.37712,-0.81415,2.11878,0.621645,1.36855
0.418,-0.0116403,0.358959,-0.386056,-0.80149,2.12107,0.636096,1.36268
0.42,-0.0118641,0.358224,-0.395193,-0.788549,2.12342,0.650871,1.35666
0.422,-0.0120881,0.357449,-0.404331,-0.775573,2.12567,0.665622,1.35056
0.424,-0.0123165,0.356656,-0.413685,-0.762305,2.128,0.680723,1.34429
0.426,-0.0125491,0.355842,-0.423239,-0.748765,2.13039,0.696142,1.33789
0.428,-0.0127823,0.354988,-0.432797,-0.735339,2.13297,0.711543,1.3314
0.43,-0.0130159,0.354094,-0.442355,-0.721877,2.13546,0.726916,1.32483
0.432,-0.0132543,0.353182,-0.452149,-0.708074,2.138,0.742676,1.31807
0.434,-0.0134973,0.35225,-0.46216,-0.69396,2.14058,0.758783,1.31115
0.436,-0.0137444,0.351295,-0.472368,-0.679563,2.14321,0.7752,1.30411
0.438,-0.013995,0.350316,-0.482756,-0.664758,2.14562,0.79189,1.29699
0.44,-0.014246,0.349297,-0.493143,-0.649917,2.14792,0.808545,1.2898
0.442,-0.0144979,0.348238,-0.503533,-0.635217,2.15047,0.825173,1.28251
0.444,-0.0147507,0.347138,-0.513925,-0.620644,2.15324,0.841773,1.27514
0.446,-0.0150043,0.345997,-0.52432,-0.606187,2.15622,0.858344,1.26769
0.448,-0.0152634,0.344837,-0.534972,-0.591327,2.15919,0.875344,1.26001
0.45,-0.0155277,0.343655,-0.545858,-0.576109,2.16217,0.892721,1.25217
0.452,-0.0157962,0.34245,-0.556949,-0.560434,2.1649,0.91042,1.24421
0.454,-0.0160685,0.341219,-0.568227,-0.544343,2.16739,0.928404,1.23618
0.456,-0.0163452,0.339961,-0.579686,-0.528033,2.16998,0.946664,1.22805
0.458,-0.0166228,0.338662,-0.591145,-0.511842,2.17278,0.96488,1.21985
0.46,-0.0169009,0.337323,-0.602601,-0.495622,2.17544,0.983044,1.21157
0.462,-0.0171801,0.335943,-0.614058,-0.479528,2.17834,1.00116,1.20322
0.464,-0.0174603,0.334523,-0.625515,-0.463547,2.18143,1.01924,1.19479
0.466,-0.0177414,0.333062,-0.636971,-0.44767,2.18471,1.03726,1.1863
0.468,-0.018028,0.331578,-0.648677,-0.431259,2.1877,1.0557,1.1776
0.47,-0.0183202,0.330069,-0.660615,-0.414512,2.19073,1.07453,1.16872
0.472,-0.0186175,0.328534,-0.672768,-0.397304,2.19347,1.09369,1.15964
0.474,-0.01892,0.326972,-0.685124,-0.37983,2.19628,1.11318,1.15037
0.476,-0.0192237,0.325369,-0.697477,-0.36247,2.1993,1.13261,1.14104
0.478,-0.0195285,0.323726,-0.709828,-0.345215,2.20249,1.15198,1.13165
0.48,-0.0198338,0.322042,-0.722175,-0.327946,2.20553,1.17127,1.12221
0.482,-0.0201398,0.320317,-0.734518,-0.310663,2.20843,1.1905,1.11273
0.484,-0.0204465,0.318551,-0.746836,-0.293551,2.2116,1.20973,1.10399
0.486,-0.02076,0.316759,-0.759408,-0.276065,2.2148,1.22934,1.09563
0.488,-0.0210796,0.31494,-0.772205,-0.258249,2.21803,1.24927,1.08757
0.49,-0.021405,0.313093,-0.785205,-0.240143,2.22127,1.26948,1.07978
0.492,-0.0217358,0.311215,-0.798391,-0.221771,2.22452,1.28995,1.0722
0.494,-0.022067,0.309297,-0.811559,-0.203424,2.22762,1.31036,1.06497
0.496,-0.0223987,0.307338,-0.824711,-0.185101,2.23057,1.33073,1.05805
0.498,-0.022731,0.305337,-0.837848,-0.166805,2.23338,1.35104,1.05141
0.5,-0.0230643,0.303296,-0.850971,-0.148657,2.2365,1.3713,1.04503
0.502,-0.0233988,0.301213,-0.86408,-0.130645,2.23989,1.39149,1.03887
0.504,-0.0237415,0.299104,-0.877461,-0.112229,2.24329,1.41206,1.03254
0.506,-0.0240916,0.296968,-0.891083,-0.093459,2.24668,1.43295,1.02608
0.508,-0.0244486,0.294802,-0.904925,-0.0743723,2.25008,1.45412,1.0195
0.51,-0.0248123,0.292607,-0.918969,-0.0549975,2.25346,1.47554,1.0128
0.512,-0.0251823,0.290381,-0.9332,-0.0353609,2.25682,1.4972,1.006
0.514,-0.0255531,0.288114,-0.947418,-0.015764,2.26003,1.51876,0.999393
0.516,-0.0259248,0.285807,-0.96163,0.00380123,2.26309,1.5402,0.992827
0.518,-0.026298,0.28346,-0.975835,0.0232516,2.26638,1.56153,0.986305
0.52,-0.0266726,0.281071,-0.990033,0.0425918,2.26989,1.58275,0.979834
0.522,-0.0270486,0.278642,-1.00422,0.0618264,2.27358,1.60385,0.973422
0.524,-0.0274334,0.276186,-1.01868,0.0815558,2.27689,1.62535,0.96663
0.526,-0.0278273,0.273702,-1.03339,0.10163,2.28021,1.64722,0.95949
0.528,-0.0282298,0.271189,-1.04834,0.122018,2.28351,1.66941,0.952033
0.53,-0.0286401,0.268646,-1.06349,0.142779,2.28647,1.69188,0.944286
0.532,-0.0290584,0.266073,-1.07885,0.163778,2.28948,1.71461,0.936276
0.534,-0.0294784,0.263459,-1.0942,0.184647,2.29271,1.7372,0.928371
0.536,-0.0299,0.260804,-1.10954,0.205387,2.29613,1.75965,0.920578
0.538,-0.0303228,0.258109,-1.12488,0.226058,2.29941,1.78196,0.912905
0.54,-0.0307467,0.255373,-1.14019,0.24657,2.30294,1.80416,0.905788
0.542,-0.0311814,0.252609,-1.15576,0.267435,2.30643,1.82671,0.898703
0.544,-0.0316265,0.249817,-1.17159,0.288616,2.30989,1.84956,0.89166
0.546,-0.0320811,0.246996,-1.18765,0.310165,2.31297,1.87267,0.884654
0.548,-0.0325456,0.244145,-1.20393,0.331963,2.31608,1.89603,0.877681
0.55,-0.0330198,0.241264,-1.22042,0.353989,2.31921,1.9196,0.87074
0.552,-0.0335035,0.238352,-1.23711,0.376224,2.32235,1.94337,0.863831
0.554,-0.0339884,0.2354,-1.25379,0.398335,2.32538,1.96697,0.85731
0.556,-0.0344751,0.232407,-1.27046,0.420282,2.32865,1.99042,0.851162
0.558,-0.0349637,0.229374,-1.28711,0.442076,2.33215,2.01369,0.845228
0.56,-0.0354657,0.226314,-1.30405,0.464201,2.33559,2.0373,0.838974
0.562,-0.0359804,0.223228,-1.32125,0.486703,2.33863,2.06121,0.832443
0.564,-0.0365083,0.220114,-1.33871,0.50947,2.34169,2.08538,0.825671
0.566,-0.0370493,0.216971,-1.35643,0.532481,2.34476,2.1098,0.818689
0.568,-0.0376033,0.213801,-1.37438,0.555718,2.34782,2.13445,0.811527
0.57,-0.0381704,0.210603,-1.39256,0.579165,2.35087,2.1593,0.804211
0.572,-0.0387397,0.207364,-1.41074,0.602427,2.35414,2.18394,0.797201
0.574,-0.0393238,0.204099,-1.42918,0.625933,2.35735,2.20882,0.790363
0.576,-0.0399225,0.200807,-1.44787,0.649732,2.36019,2.2339,0.783689
0.578,-0.0405232,0.197475,-1.46656,0.673317,2.36331,2.25876,0.777602
0.58,-0.041142,0.194119,-1.48554,0.697171,2.36639,2.28389,0.771535
0.582,-0.0416635,0.190818,-1.50604,0.721653,2.36916,2.30942,0.766578
0.584,-0.0421052,0.187557,-1.52784,0.746705,2.37162,2.33527,0.762582
0.586,-0.0424815,0.184323,-1.55074,0.772239,2.3738,2.36113,0.759987
0.588,-0.0428065,0.181103,-1.57458,0.798176,2.37571,2.38691,0.758343
0.59,-0.043091,0.177887,-1.5992,0.824414,2.37739,2.41253,0.757675
0.592,-0.0433444,0.174667,-1.62444,0.850851,2.37888,2.43794,0.758
0.594,-0.0435744,0.171436,-1.65021,0.87739,2.38021,2.46311,0.759322
0.596,-0.0437875,0.168188,-1.67637,0.903942,2.38142,2.48799,0.76164
0.598,-0.043998,0.16492,-1.7029,0.930525,2.38247,2.51333,0.763353
0.6,-0.0442192,0.161634,-1.72976,0.957162,2.38333,2.53909,0.764413
0.602,-0.0444634,0.158328,-1.75691,0.983875,2.38395,2.56525,0.764786
0.604,-0.0447368,0.155008,-1.78438,1.01068,2.38424,2.59178,0.764517
0.606,-0.0449496,0.152264,-1.807,1.03232,2.38537,2.61351,0.764394
0.608,-0.0451119,0.150023,-1.82545,1.04959,2.38712,2.63114,0.764408
0.61,-0.0452302,0.148219,-1.84032,1.06317,2.38934,2.64528,0.764516
0.612,-0.0453092,0.14679,-1.85212,1.07362,2.39192,2.65644,0.764675
0.614,-0.0453527,0.145684,-1.8613,1.08143,2.39477,2.66506,0.76486
0.616,-0.0453642,0.144853,-1.86825,1.087,2.39785,2.67152,0.76505
0.618,-0.0453475,0.144256,-1.8733,1.0907,2.40109,2.67617,0.76523
0.62,-0.0453058,0.143858,-1.87675,1.09283,2.40445,2.67927,0.76539
0.622,-0.0452424,0.143628,-1.87883,1.09365,2.40791,2.68109,0.765522
0.624,-0.0451603,0.143538,-1.87977,1.09337,2.41143,2.68182,0.765619
0.626,-0.0450618,0.143567,-1.87974,1.09218,2.41498,2.68165,0.765679
0.628,-0.0449487,0.143698,-1.87888,1.09021,2.41855,2.6807,0.765705
0.63,-0.0448226,0.143916,-1.87732,1.08759,2.42209,2.67909,0.765701
0.632,-0.0446857,0.144205,-1.87516,1.08443,2.4256,2.67692,0.765672
0.634,-0.0445399,0.144555,-1.8725,1.08083,2.42905,2.67429,0.76562
0.636,-0.044387,0.144953,-1.86944,1.07689,2.43242,2.67128,0.76555
0.638,-0.0442289,0.14539,-1.86606,1.07267,2.43569,2.66798,0.765465
0.64,-0.0440671,0.145856,-1.86242,1.06824,2.43886,2.66445,0.765368
0.642,-0.0439036,0.146346,-1.8586,1.06368,2.44189,2.66077,0.765223
0.644,-0.0437398,0.146852,-1.85463,1.05902,2.44479,2.657,0.764993
0.646,-0.0435773,0.147371,-1.85057,1.05432,2.44755,2.65321,0.764658
0.648,-0.043417,0.147896,-1.84645,1.04961,2.45014,2.64943,0.764207
0.65,-0.0432599,0.148424,-1.84231,1.04492,2.45258,2.64571,0.763643
0.652,-0.0431066,0.14895,-1.83818,1.04028,2.45486,2.64207,0.76297
0.654,-0.0429574,0.149471,-1.8341,1.03573,2.45697,2.63854,0.762199
0.656,-0.0428122,0.149984,-1.83007,1.03125,2.45894,2.6351,0.761368
0.658,-0.0426703,0.150488,-1.8261,1.02686,2.46075,2.63173,0.760522
0.66,-0.0425312,0.15098,-1.82221,1.02256,2.46242,2.62843,0.759696
0.662,-0.0423948,0.15146,-1.8184,1.01836,2.46396,2.62519,0.758919
0.664,-0.0422608,0.151925,-1.81467,1.01425,2.46537,2.62201,0.758212
0.666,-0.0421293,0.152376,-1.81105,1.01024,2.46665,2.61887,0.757591
0.668,-0.0419947,0.152807,-1.8075,1.00629,2.46785,2.61574,0.757143
0.67,-0.0418566,0.153219,-1.80404,1.00239,2.46898,2.6126,0.756884
0.672,-0.0417147,0.15361,-1.80068,0.998544,2.47003,2.60946,0.756828
0.674,-0.0415687,0.15398,-1.79741,0.994759,2.47101,2.60632,0.756985
0.676,-0.0414183,0.154327,-1.79425,0.991034,2.47194,2.60317,0.757359
0.678,-0.0412632,0.15465,-1.79119,0.98737,2.4728,2.60002,0.757955
0.68,-0.0411032,0.15495,-1.78825,0.983766,2.47361,2.59688,0.758774
0.682,-0.0409381,0.155225,-1.78541,0.980224,2.47437,2.59374,0.759816
0.684,-0.0407872,0.155482,-1.7828,0.97698,2.47491,2.59093,0.760663
0.686,-0.0406498,0.15572,-1.78041,0.974026,2.47525,2.58842,0.761346
0.688,-0.0405254,0.155938,-1.77825,0.971354,2.4754,2.58619,0.76189
0.69,-0.0404132,0.156135,-1.7763,0.968954,2.47537,2.58424,0.762315
0.692,-0.0403127,0.156312,-1.77457,0.966819,2.47517,2.58255,0.762636
0.694,-0.0402233,0.156467,-1.77306,0.96494,2.47482,2.58111,0.762865
0.696,-0.0401444,0.1566,-1.77175,0.963308,2.47432,2.5799,0.763012
0.698,-0.0400751,0.156713,-1.77064,0.961896,2.4737,2.5789,0.763087
0.7,-0.0400144,0.156807,-1.76969,0.960678,2.47296,2.57808,0.763103
0.702,-0.0399614,0.156886,-1.76889,0.959625,2.47212,2.57742,0.763073
0.704,-0.0399152,0.156951,-1.76822,0.958715,2.47119,2.57689,0.763008
0.706,-0.039875,0.157003,-1.76766,0.957931,2.47017,2.57648,0.762915
0.708,-0.0398403,0.157043,-1.76719,0.957255,2.46909,2.57617,0.7628
0.71,-0.0398103,0.157073,-1.76681,0.956675,2.46793,2.57595,0.762669
0.712,-0.0397846,0.157094,-1.76651,0.95618,2.46671,2.5758,0.762525
0.714,-0.0397627,0.157107,-1.76627,0.955758,2.46545,2.57572,0.762371
0.716,-0.0397442,0.157112,-1.7661,0.955399,2.46413,2.57571,0.76221
0.718,-0.0397287,0.15711,-1.76597,0.955093,2.46278,2.57574,0.762042
0.72,-0.0397159,0.157102,-1.76589,0.954832,2.46139,2.57582,0.761869
0.722,-0.0397053,0.15709,-1.76584,0.954608,2.45997,2.57593,0.761693
0.724,-0.0396968,0.157073,-1.76583,0.954413,2.45852,2.57607,0.761514
0.726,-0.03969,0.157053,-1.76583,0.95424,2.45706,2.57624,0.761333
0.728,-0.0396847,0.15703,-1.76585,0.954083,2.45557,2.57642,0.76115
0.73,-0.0396808,0.157004,-1.76589,0.953935,2.45407,2.57661,0.760966
0.732,-0.039678,0.156978,-1.76592,0.953792,2.45256,2.57681,0.760781
0.734,-0.0396761,0.15695,-1.76596,0.95365,2.45103,2.57702,0.760594
0.736,-0.039675,0.156922,-1.766,0.953503,2.4495,2.57722,0.760406
0.738,-0.0396745,0.156893,-1.76604,0.95335,2.44797,2.57742,0.760217
0.74,-0.0396746,0.156865,-1.76606,0.953188,2.44643,2.57761,0.760027
0.742,-0.0396752,0.156838,-1.76608,0.953016,2.44489,2.5778,0.759836
0.744,-0.0396761,0.15681,-1.76609,0.952833,2.44335,2.57798,0.759643
0.746,-0.0396773,0.156784,-1.76609,0.952638,2.44181,2.57815,0.759449
0.748,-0.0396788,0.156758,-1.76608,0.952431,2.44027,2.57831,0.759253
0.75,-0.0396806,0.156733,-1.76605,0.952212,2.43873,2.57846,0.759056
0.752,-0.0396825,0.156709,-1.76602,0.951981,2.43719,2.57861,0.758857
0.754,-0.0396845,0.156686,-1.76598,0.95174,2.43565,2.57875,0.758657
0.756,-0.0396867,0.156663,-1.76592,0.951488,2.43412,2.57888,0.758456
0.758,-0.039689,0.156642,-1.76586,0.951226,2.43259,2.579,0.758253
0.76,-0.0396914,0.156621,-1.76579,0.950956,2.43106,2.57911,0.75805
0.762,-0.0396939,0.1566,-1.76572,0.950677,2.42954,2.57923,0.757845
0.764,-0.0396965,0.15658,-1.76563,0.950391,2.42802,2.57933,0.757639
0.766,-0.0396991,0.156561,-1.76554,0.950098,2.4265,2.57943,0.757433
0.768,-0.0397018,0.156542,-1.76545,0.949799,2.42498,2.57953,0.757225
0.77,-0.0397046,0.156524,-1.76535,0.949494,2.42347,2.57962,0.757017
0.772,-0.0397074,0.156506,-1.76524,0.949184,2.42196,2.57971,0.756808
0.774,-0.0397103,0.156488,-1.76513,0.94887,2.42045,2.57979,0.756599
0.776,-0.0397132,0.156471,-1.76502,0.948551,2.41895,2.57988,0.75639
0.778,-0.0397162,0.156454,-1.7649,0.948229,2.41745,2.57996,0.75618
0.78,-0.0397191,0.156437,-1.76478,0.947903,2.41595,2.58003,0.755969
0.782,-0.0397222,0.156421,-1.76465,0.947574,2.41445,2.58011,0.755759
0.784,-0.0397252,0.156404,-1.76453,0.947243,2.41296,2.58018,0.755548
0.786,-0.0397283,0.156388,-1.7644,0.946909,2.41147,2.58026,0.755337
0.788,-0.0397315,0.156372,-1.76427,0.946573,2.40998,2.58033,0.755126
0.79,-0.0397346,0.156356,-1.76414,0.946235,2.4085,2.5804,0.754914
0.792,-0.0397378,0.15634,-1.764,0.945895,2.40701,2.58047,0.754703
0.794,-0.039741,0.156325,-1.76387,0.945553,2.40553,2.58054,0.754492
0.796,-0.0397443,0.156309,-1.76373,0.94521,2.40405,2.58061,0.75428
0.798,-0.0397475,0.156293,-1.7636,0.944865,2.40258,2.58067,0.754069
0.8,-0.0397508,0.156278,-1.76346,0.944519,2.4011,2.58074,0.753857
0.802,-0.0397541,0.156262,-1.76332,0.944172,2.39963,2.58081,0.753646
0.804,-0.0397574,0.156246,-1.76318,0.943824,2.39816,2.58087,0.753434
0.806,-0.0397608,0.156231,-1.76304,0.943475,2.39669,2.58094,0.753223
0.808,-0.0397641,0.156215,-1.76289,0.943125,2.39523,2.581,0.753011
0.81,-0.0397675,0.1562,-1.76275,0.942774,2.39376,2.58107,0.7528
0.812,-0.0397709,0.156184,-1.76261,0.942423,2.3923,2.58113,0.752588
0.814,-0.0397743,0.156169,-1.76246,0.94207,2.39084,2.5812,0.752376
0.816,-0.0397784,0.156153,-1.76232,0.94171,2.38976,2.58126,0.75216
0.818,-0.039783,0.156137,-1.76216,0.941342,2.389,2.58133,0.75194
0.82,-0.0397884,0.15612,-1.76201,0.940966,2.38851,2.5814,0.751715
0.822,-0.0397943,0.156104,-1.76185,0.940582,2.38823,2.58146,0.751486
0.824,-0.0398008,0.156087,-1.76169,0.940191,2.38814,2.58153,0.751254
0.826,-0.0398079,0.156069,-1.76152,0.939793,2.3882,2.5816,0.751018
0.828,-0.0398154,0.156052,-1.76135,0.93939,2.38838,2.58167,0.750779
0.83,-0.0398235,0.156034,-1.76118,0.938981,2.38866,2.58174,0.750538
0.832,-0.0398319,0.156016,-1.76101,0.938567,2.38901,2.58181,0.750294
0.834,-0.0398408,0.155998,-1.76083,0.938149,2.38943,2.58188,0.750049
0.836,-0.0398499,0.15598,-1.76066,0.937727,2.38989,2.58196,0.749801
0.838,-0.0398594,0.155961,-1.76048,0.937302,2.39039,2.58203,0.749552
0.84,-0.0398692,0.155943,-1.7603,0.936875,2.39091,2.5821,0.749302
0.842,-0.0398791,0.155924,-1.76013,0.936445,2.39145,2.58218,0.74905
0.844,-0.0398893,0.155905,-1.75995,0.936012,2.39201,2.58225,0.748798
0.846,-0.0398997,0.155887,-1.75977,0.935579,2.39257,2.58232,0.748544
0.848,-0.0399102,0.155868,-1.75959,0.935143,2.39313,2.5824,0.74829
0.85,-0.0399209,0.155849,-1.75941,0.934707,2.3937,2.58247,0.748035
0.852,-0.0399317,0.155829,-1.75923,0.93427,2.39426,2.58255,0.74778
0.854,-0.0399425,0.15581,-1.75904,0.933831,2.39481,2.58262,0.747524
0.856,-0.0399535,0.155791,-1.75886,0.933393,2.39536,2.5827,0.747268
0.858,-0.0399645,0.155772,-1.75868,0.932953,2.39589,2.58277,0.747011
0.86,-0.0399755,0.155753,-1.7585,0.932514,2.39642,2.58285,0.746754
0.862,-0.0399866,0.155733,-1.75832,0.932074,2.39694,2.58293,0.746497
0.864,-0.0399978,0.155714,-1.75814,0.931633,2.39745,2.583,0.74624
0.866,-0.0400089,0.155694,-1.75796,0.931193,2.39795,2.58308,0.745983
0.868,-0.04002,0.155675,-1.75778,0.930754,2.39836,2.58316,0.745726
0.87,-0.0400309,0.155656,-1.7576,0.930316,2.39868,2.58323,0.74547
0.872,-0.0400417,0.155636,-1.75742,0.92988,2.39893,2.58331,0.745215
0.874,-0.0400523,0.155617,-1.75724,0.929446,2.39909,2.58338,0.744961
0.876,-0.0400627,0.155598,-1.75706,0.929014,2.39919,2.58346,0.744708
0.878,-0.040073,0.155579,-1.75689,0.928583,2.39922,2.58354,0.744456
0.88,-0.0400833,0.15556,-1.75671,0.928152,2.39933,2.58361,0.744204
0.882,-0.0400937,0.15554,-1.75653,0.92772,2.39952,2.58369,0.74395
0.884,-0.0401042,0.155521,-1.75635,0.927286,2.39976,2.58376,0.743696
0.886,-0.0401147,0.155502,-1.75617,0.926851,2.40004,2.58384,0.74344
0.888,-0.0401253,0.155482,-1.75599,0.926415,2.40036,2.58392,0.743184
0.89,-0.040136,0.155463,-1.75581,0.925978,2.40072,2.58399,0.742927
0.892,-0.0401468,0.155443,-1.75563,0.925539,2.40109,2.58407,0.74267
0.894,-0.0401575,0.155424,-1.75545,0.925101,2.40138,2.58415,0.742413
0.896,-0.040168,0.155404,-1.75527,0.924664,2.4016,2.58423,0.742157
0.898,-0.0401784,0.155385,-1.75509,0.924228,2.40174,2.5843,0.741901
0.9,-0.0401889,0.155365,-1.75491,0.923792,2.40194,2.58438,0.741645
0.902,-0.0401995,0.155346,-1.75473,0.923354,2.4022,2.58446,0.741388
0.904,-0.0402101,0.155326,-1.75455,0.922914,2.4025,2.58453,0.74113
0.906,-0.0402208,0.155306,-1.75437,0.922474,2.40283,2.58461,0.740871
0.908,-0.0402316,0.155286,-1.75419,0.922032,2.40319,2.58469,0.740612
0.91,-0.0402423,0.155267,-1.75401,0.921591,2.40347,2.58477,0.740353
0.912,-0.0402529,0.155247,-1.75382,0.921151,2.40367,2.58484,0.740095
0.914,-0.0402633,0.155227,-1.75364,0.920712,2.4038,2.58492,0.739837
0.916,-0.0402738,0.155208,-1.75346,0.920272,2.40399,2.585,0.739579
0.918,-0.0402844,0.155188,-1.75328,0.91983,2.40425,2.58507,0.73932
0.92,-0.040295,0.155168,-1.7531,0.919387,2.40454,2.58515,0.73906
0.922,-0.0403058,0.155148,-1.75291,0.918943,2.40487,2.58523,0.7388
0.924,-0.0403166,0.155128,-1.75273,0.918498,2.40523,2.58531,0.738538
0.926,-0.0403273,0.155108,-1.75255,0.918053,2.40551,2.58539,0.738277
0.928,-0.0403379,0.155088,-1.75236,0.91761,2.40571,2.58546,0.738017
0.93,-0.0403485,0.155068,-1.75218,0.917165,2.40596,2.58554,0.737756
0.932,-0.0403593,0.155048,-1.752,0.916718,2.40626,2.58562,0.737494
0.934,-0.0403699,0.155028,-1.75181,0.916273,2.40648,2.5857,0.737233
0.936,-0.0403806,0.155008,-1.75163,0.915827,2.40675,2.58577,0.736971
0.938,-0.0403913,0.154988,-1.75144,0.915379,2.40706,2.58585,0.736709
0.94,-0.040402,0.154968,-1.75126,0.914932,2.4073,2.58593,0.736446
0.942,-0.0404127,0.154948,-1.75107,0.914484,2.40758,2.58601,0.736184
0.944,-0.0404233,0.154928,-1.75089,0.914037,2.40778,2.58609,0.735921
0.946,-0.040434,0.154908,-1.7507,0.913588,2.40804,2.58617,0.735658
0.948,-0.0404448,0.154888,-1.75052,0.913138,2.40834,2.58624,0.735394
0.95,-0.0404556,0.154867,-1.75033,0.912687,2.40867,2.58632,0.73513
0.952,-0.0404663,0.154847,-1.75015,0.912237,2.40893,2.5864,0.734866
0.954,-0.0404769,0.154827,-1.74996,0.911787,2.40911,2.58648,0.734602
0.956,-0.0404876,0.154807,-1.74977,0.911337,2.40936,2.58656,0.734338
0.958,-0.0404984,0.154786,-1.74959,0.910885,2.40964,2.58664,0.734073
0.96,-0.0405092,0.154766,-1.7494,0.910431,2.40997,2.58671,0.733807
0.962,-0.0405199,0.154745,-1.74921,0.909979,2.41022,2.58679,0.733542
0.964,-0.0405305,0.154725,-1.74903,0.909527,2.41039,2.58687,0.733277
0.966,-0.0405412,0.154705,-1.74884,0.909074,2.41063,2.58695,0.733012
0.968,-0.040552,0.154684,-1.74865,0.90862,2.41091,2.58703,0.732746
0.97,-0.0405628,0.154664,-1.74846,0.908165,2.41123,2.58711,0.732479
0.972,-0.0405737,0.154643,-1.74828,0.907708,2.41159,2.58719,0.732211
0.974,-0.0405845,0.154622,-1.74809,0.907252,2.41186,2.58727,0.731944
0.976,-0.0405952,0.154602,-1.7479,0.906796,2.41206,2.58735,0.731677
0.978,-0.040606,0.154581,-1.74771,0.90634,2.41232,2.58743,0.731409
0.98,-0.0406169,0.154561,-1.74752,0.905882,2.41262,2.5875,0.731141
0.982,-0.0406276,0.15454,-1.74733,0.905425,2.41285,2.58758,0.730873
0.984,-0.0406384,0.154519,-1.74714,0.904967,2.41312,2.58766,0.730605
0.986,-0.0406493,0.154498,-1.74695,0.904507,2.41344,2.58774,0.730335
0.988,-0.0406601,0.154478,-1.74676,0.904048,2.41368,2.58782,0.730067
0.99,-0.0406707,0.154457,-1.74657,0.90359,2.41385,2.5879,0.729798
0.992,-0.0406814,0.154436,-1.74638,0.903131,2.41409,2.58798,0.729529
0.994,-0.0406923,0.154415,-1.74619,0.90267,2.41437,2.58806,0.72926
0.996,-0.0407031,0.154395,-1.746,0.902208,2.41469,2.58814,0.728989
0.998,-0.0407141,0.154374,-1.74581,0.901745,2.41505,2.58822,0.728717
1,-0.040725,0.154353,-1.74562,0.901282,2.41533,2.5883,0.728446
1.002,-0.0407357,0.154332,-1.74543,0.90082,2.41553,2.58838,0.728176
1.004,-0.0407466,0.154311,-1.74523,0.900357,2.41579,2.58846,0.727905
1.006,-0.0407575,0.15429,-1.74504,0.899892,2.4161,2.58854,0.727633
1.008,-0.0407685,0.154269,-1.74485,0.899427,2.41644,2.58862,0.72736
1.01,-0.0407793,0.154248,-1.74466,0.898961,2.41671,2.5887,0.727088
1.012,-0.0407901,0.154226,-1.74446,0.898497,2.4169,2.58878,0.726816
1.014,-0.040801,0.154205,-1.74427,0.898032,2.41715,2.58886,0.726544
1.016,-0.0408119,0.154184,-1.74408,0.897565,2.41745,2.58894,0.72627
1.018,-0.0408229,0.154163,-1.74388,0.897097,2.41779,2.58902,0.725996
1.02,-0.0408337,0.154142,-1.74369,0.896629,2.41805,2.5891,0.725723
1.022,-0.0408445,0.154121,-1.7435,0.896162,2.41824,2.58918,0.72545
1.024,-0.0408554,0.154099,-1.7433,0.895694,2.41849,2.58926,0.725176
1.026,-0.0408663,0.154078,-1.74311,0.895225,2.41879,2.58934,0.724901
1.028,-0.0408773,0.154057,-1.74291,0.894754,2.41913,2.58942,0.724625
1.03,-0.0408882,0.154035,-1.74272,0.894284,2.41939,2.5895,0.72435
1.032,-0.0408992,0.154014,-1.74252,0.893813,2.41969,2.58958,0.724075
1.034,-0.0409101,0.153992,-1.74233,0.893342,2.41993,2.58967,0.723799
1.036,-0.040921,0.153971,-1.74213,0.89287,2.42021,2.58975,0.723523
1.038,-0.040932,0.153949,-1.74194,0.892396,2.42054,2.58983,0.723246
1.04,-0.040943,0.153928,-1.74174,0.891924,2.42079,2.58991,0.72297
1.042,-0.0409538,0.153906,-1.74155,0.891452,2.42098,2.58999,0.722694
1.044,-0.0409647,0.153885,-1.74135,0.890979,2.42122,2.59007,0.722417
1.046,-0.0409756,0.153863,-1.74115,0.890504,2.42152,2.59015,0.72214
1.048,-0.0409867,0.153842,-1.74096,0.890028,2.42185,2.59023,0.721861
1.05,-0.0409978,0.15382,-1.74076,0.889551,2.42222,2.59031,0.721582
1.052,-0.0410088,0.153798,-1.74056,0.889074,2.42251,2.59039,0.721303
1.054,-0.0410197,0.153776,-1.74036,0.888598,2.42273,2.59048,0.721025
1.056,-0.0410305,0.153755,-1.74017,0.888123,2.42289,2.59056,0.720747
1.058,-0.0410414,0.153733,-1.73997,0.887647,2.42311,2.59064,0.720469
1.06,-0.0410524,0.153711,-1.73977,0.887169,2.42339,2.59072,0.720189
1.062,-0.0410634,0.153689,-1.73957,0.886689,2.42371,2.5908,0.719909
1.064,-0.0410745,0.153667,-1.73937,0.886209,2.42407,2.59088,0.719628
1.066,-0.0410857,0.153645,-1.73917,0.885727,2.42445,2.59097,0.719346
1.068,-0.0410968,0.153623,-1.73897,0.885245,2.42477,2.59105,0.719065
1.07,-0.0411078,0.153602,-1.73877,0.884764,2.42501,2.59113,0.718784
1.072,-0.0411187,0.15358,-1.73857,0.884284,2.42518,2.59121,0.718503
1.074,-0.0411297,0.153558,-1.73837,0.883802,2.42542,2.59129,0.718222
1.076,-0.0411407,0.153536,-1.73817,0.88332,2.42571,2.59137,0.71794
1.078,-0.0411518,0.153513,-1.73797,0.882836,2.42604,2.59146,0.717657
1.08,-0.041163,0.153491,-1.73777,0.88235,2.42641,2.59154,0.717373
1.082,-0.0411741,0.153469,-1.73757,0.881865,2.4267,2.59162,0.71709
1.084,-0.0411851,0.153447,-1.73737,0.881381,2.42692,2.5917,0.716807
1.086,-0.0411962,0.153425,-1.73716,0.880895,2.4272,2.59179,0.716524
1.088,-0.0412073,0.153402,-1.73696,0.880408,2.42753,2.59187,0.716239
1.09,-0.0412184,0.15338,-1.73676,0.879921,2.42778,2.59195,0.715955
1.092,-0.0412295,0.153358,-1.73656,0.879434,2.42808,2.59203,0.71567
1.094,-0.0412405,0.153335,-1.73635,0.878947,2.42831,2.59212,0.715386
1.096,-0.0412516,0.153313,-1.73615,0.878458,2.4286,2.5922,0.715101
1.098,-0.0412628,0.153291,-1.73595,0.877968,2.42893,2.59228,0.714814
1.1,-0.0412739,0.153268,-1.73574,0.877479,2.42919,2.59236,0.714529
1.102,-0.041285,0.153246,-1.73554,0.876988,2.4295,2.59245,0.714242
1.104,-0.0412961,0.153223,-1.73534,0.876498,2.42974,2.59253,0.713956
1.106,-0.0413072,0.153201,-1.73513,0.876007,2.43003,2.59261,0.713669
1.108,-0.0413184,0.153178,-1.73493,0.875514,2.43037,2.5927,0.713382
1.11,-0.0413295,0.153155,-1.73472,0.875021,2.43063,2.59278,0.713094
1.112,-0.0413407,0.153133,-1.73452,0.874528,2.43095,2.59286,0.712806
1.114,-0.0413518,0.15311,-1.73431,0.874035,2.43119,2.59295,0.712518
1.116,-0.041363,0.153087,-1.73411,0.87354,2.43149,2.59303,0.71223
1.118,-0.0413743,0.153065,-1.7339,0.873044,2.43183,2.59311,0.71194
1.12,-0.0413854,0.153042,-1.73369,0.872549,2.4321,2.5932,0.711651
1.122,-0.0413965,0.153019,-1.73349,0.872054,2.4323,2.59328,0.711363
1.124,-0.0414076,0.152996,-1.73328,0.871558,2.43256,2.59336,0.711073
1.126,-0.0414188,0.152973,-1.73308,0.871061,2.43288,2.59345,0.710783
1.128,-0.0414301,0.15295,-1.73287,0.870562,2.43323,2.59353,0.710492
1.13,-0.0414415,0.152927,-1.73266,0.870061,2.43362,2.59361,0.7102
1.132,-0.0414527,0.152904,-1.73245,0.869561,2.43393,2.5937,0.709908
1.134,-0.0414639,0.152881,-1.73224,0.869062,2.43418,2.59378,0.709617
1.136,-0.041475,0.152858,-1.73204,0.868564,2.43436,2.59387,0.709327
1.138,-0.0414861,0.152835,-1.73183,0.868064,2.43461,2.59395,0.709035
1.14,-0.0414973,0.152812,-1.73162,0.867562,2.43491,2.59403,0.708743
1.142,-0.0415086,0.152789,-1.73141,0.867059,2.43525,2.59412,0.708449
1.144,-0.04152,0.152766,-1.7312,0.866555,2.43563,2.5942,0.708155
1.146,-0.0415313,0.152743,-1.73099,0.866051,2.43594,2.59429,0.707861
1.148,-0.0415425,0.152719,-1.73078,0.865548,2.43618,2.59437,0.707568
1.15,-0.0415536,0.152696,-1.73057,0.865045,2.43636,2.59445,0.707275
1.152,-0.0415648,0.152673,-1.73036,0.864541,2.43661,2.59454,0.706982
1.154,-0.041576,0.15265,-1.73015,0.864036,2.43691,2.59462,0.706687
1.156,-0.0415874,0.152626,-1.72994,0.863529,2.43725,2.59471,0.706391
1.158,-0.0415988,0.152603,-1.72973,0.863021,2.43763,2.59479,0.706095
1.16,-0.0416103,0.152579,-1.72952,0.862511,2.43804,2.59488,0.705798
1.162,-0.0416217,0.152556,-1.7293,0.862001,2.43838,2.59496,0.705501
1.164,-0.041633,0.152532,-1.72909,0.861492,2.43865,2.59505,0.705204
1.166,-0.0416442,0.152509,-1.72888,0.860984,2.43885,2.59513,0.704908
1.168,-0.0416553,0.152485,-1.72867,0.860476,2.439,2.59522,0.704613
1.17,-0.0416665,0.152461,-1.72846,0.859968,2.43922,2.5953,0.704316
1.172,-0.0416777,0.152438,-1.72824,0.859457,2.4395,2.59539,0.704019
1.174,-0.0416891,0.152414,-1.72803,0.858945,2.43983,2.59547,0.703721
1.176,-0.0417005,0.15239,-1.72782,0.858432,2.4402,2.59556,0.703421
1.178,-0.041712,0.152367,-1.7276,0.857916,2.44061,2.59564,0.703121
1.18,-0.0417236,0.152343,-1.72738,0.8574,2.44104,2.59573,0.70282
1.182,-0.0417351,0.152319,-1.72717,0.856883,2.44139,2.59581,0.702519
1.184,-0.0417465,0.152295,-1.72695,0.856368,2.44168,2.5959,0.702219
1.186,-0.0417578,0.152271,-1.72674,0.855852,2.4419,2.59599,0.701919
1.188,-0.041769,0.152247,-1.72653,0.855338,2.44206,2.59607,0.70162
1.19,-0.0417803,0.152223,-1.72631,0.854823,2.4423,2.59616,0.70132
1.192,-0.0417917,0.152199,-1.72609,0.854306,2.44259,2.59624,0.701019
1.194,-0.0418031,0.152175,-1.72588,0.853787,2.44294,2.59633,0.700717
1.196,-0.0418146,0.152151,-1.72566,0.853267,2.44332,2.59641,0.700414
1.198,-0.0418261,0.152127,-1.72544,0.852747,2.44363,2.5965,0.700111
1.2,-0.0418374,0.152103,-1.72523,0.852227,2.44388,2.59659,0.699809
1.202,-0.0418489,0.152078,-1.72501,0.851706,2.44418,2.59667,0.699506
1.204,-0.0418604,0.152054,-1.72479,0.851184,2.44453,2.59676,0.699202
1.206,-0.0418718,0.15203,-1.72457,0.850662,2.44481,2.59685,0.698898
1.208,-0.0418833,0.152005,-1.72435,0.850138,2.44515,2.59693,0.698593
1.21,-0.0418947,0.151981,-1.72414,0.849615,2.44542,2.59702,0.698289
1.212,-0.0419062,0.151957,-1.72392,0.849091,2.44574,2.5971,0.697984
1.214,-0.0419178,0.151932,-1.7237,0.848565,2.4461,2.59719,0.697678
1.216,-0.0419293,0.151908,-1.72348,0.848039,2.4464,2.59728,0.697372
1.218,-0.0419407,0.151883,-1.72326,0.847514,2.44663,2.59736,0.697066
1.22,-0.0419521,0.151859,-1.72304,0.846987,2.44692,2.59745,0.69676
1.222,-0.0419637,0.151834,-1.72282,0.846459,2.44727,2.59754,0.696453
1.224,-0.0419753,0.151809,-1.7226,0.84593,2.44765,2.59763,0.696145
1.226,-0.0419869,0.151785,-1.72238,0.8454,2.44796,2.59771,0.695837
1.228,-0.0419983,0.15176,-1.72215,0.844872,2.44822,2.5978,0.69553
1.23,-0.0420097,0.151736,-1.72193,0.844343,2.4484,2.59789,0.695223
1.232,-0.0420211,0.151711,-1.72171,0.843814,2.44867,2.59797,0.694915
1.234,-0.0420326,0.151686,-1.72149,0.843283,2.44898,2.59806,0.694606
1.236,-0.0420442,0.151661,-1.72127,0.84275,2.44935,2.59815,0.694296
1.238,-0.0420559,0.151636,-1.72104,0.842215,2.44975,2.59824,0.693985
1.24,-0.0420676,0.151611,-1.72082,0.841681,2.45008,2.59832,0.693674
1.242,-0.0420791,0.151586,-1.7206,0.841147,2.45035,2.59841,0.693364
1.244,-0.0420907,0.151561,-1.72037,0.840612,2.45067,2.5985,0.693053
1.246,-0.0421022,0.151536,-1.72015,0.840077,2.45093,2.59859,0.692742
1.248,-0.0421138,0.151511,-1.71993,0.839541,2.45125,2.59867,0.692431
1.25,-0.0421255,0.151486,-1.7197,0.839003,2.45161,2.59876,0.692118
1.252,-0.0421371,0.151461,-1.71948,0.838465,2.45191,2.59885,0.691805
1.254,-0.0421488,0.151436,-1.71925,0.837926,2.45226,2.59894,0.691492
1.256,-0.0421604,0.15141,-1.71902,0.837387,2.45254,2.59903,0.691179
1.258,-0.042172,0.151385,-1.7188,0.836847,2.45288,2.59911,0.690865
1.26,-0.0421836,0.15136,-1.71857,0.836307,2.45315,2.5992,0.690552
1.262,-0.0421953,0.151334,-1.71835,0.835766,2.45348,2.59929,0.690237
1.264,-0.042207,0.151309,-1.71812,0.835223,2.45385,2.59938,0.689922
1.266,-0.0422187,0.151284,-1.71789,0.83468,2.45416,2.59947,0.689606
1.268,-0.0422303,0.151258,-1.71766,0.834138,2.45441,2.59956,0.689292
1.27,-0.0422419,0.151233,-1.71744,0.833594,2.45471,2.59964,0.688976
1.272,-0.0422537,0.151207,-1.71721,0.833049,2.45507,2.59973,0.688659
1.274,-0.0422653,0.151181,-1.71698,0.832504,2.45536,2.59982,0.688343
1.276,-0.0422771,0.151156,-1.71675,0.831957,2.45571,2.59991,0.688025
1.278,-0.0422887,0.15113,-1.71652,0.831411,2.45599,2.6,0.687708
1.28,-0.0423005,0.151104,-1.71629,0.830863,2.45633,2.60009,0.68739
1.282,-0.0423123,0.151079,-1.71606,0.830313,2.45671,2.60018,0.687071
1.284,-0.0423241,0.151053,-1.71583,0.829764,2.45702,2.60027,0.686752
1.286,-0.0423357,0.151027,-1.7156,0.829215,2.45728,2.60036,0.686434
1.288,-0.0423474,0.151001,-1.71537,0.828665,2.45759,2.60045,0.686114
1.29,-0.0423593,0.150975,-1.71514,0.828113,2.45796,2.60053,0.685794
1.292,-0.042371,0.150949,-1.71491,0.827561,2.45826,2.60062,0.685474
1.294,-0.0423826,0.150923,-1.71468,0.82701,2.4585,2.60071,0.685154
1.296,-0.0423944,0.150897,-1.71445,0.826457,2.45881,2.6008,0.684833
1.298,-0.0424062,0.150871,-1.71421,0.825903,2.45916,2.60089,0.684511
1.3,-0.0424181,0.150845,-1.71398,0.825347,2.45956,2.60098,0.684188
1.302,-0.0424299,0.150819,-1.71375,0.824791,2.45989,2.60107,0.683866
1.304,-0.0424417,0.150793,-1.71352,0.824235,2.46017,2.60116,0.683544
1.306,-0.0424535,0.150766,-1.71328,0.823678,2.4605,2.60125,0.68322
1.308,-0.0424654,0.15074,-1.71305,0.823119,2.46087,2.60134,0.682896
1.31,-0.0424773,0.150714,-1.71281,0.822561,2.46119,2.60143,0.682572
1.312,-0.042489,0.150687,-1.71258,0.822003,2.46144,2.60152,0.682249
1.314,-0.0425008,0.150661,-1.71234,0.821443,2.46176,2.60161,0.681924
1.316,-0.0425127,0.150634,-1.71211,0.820881,2.46213,2.6017,0.681598
1.318,-0.0425246,0.150608,-1.71187,0.82032,2.46243,2.60179,0.681273
1.32,-0.0425365,0.150581,-1.71164,0.819757,2.46279,2.60188,0.680947
1.322,-0.0425483,0.150555,-1.7114,0.819195,2.46309,2.60197,0.68062
1.324,-0.0425603,0.150528,-1.71116,0.818631,2.46344,2.60207,0.680293
1.326,-0.0425721,0.150501,-1.71093,0.818067,2.46373,2.60216,0.679966
1.328,-0.042584,0.150475,-1.71069,0.817501,2.46408,2.60225,0.679639
1.33,-0.042596,0.150448,-1.71045,0.816934,2.46447,2.60234,0.67931
1.332,-0.042608,0.150421,-1.71021,0.816367,2.4648,2.60243,0.678981
1.334,-0.0426198,0.150394,-1.70998,0.8158,2.46507,2.60252,0.678653
1.336,-0.0426316,0.150367,-1.70974,0.815234,2.46528,2.60261,0.678325
1.338,-0.0426434,0.15034,-1.7095,0.814666,2.46557,2.6027,0.677996
1.34,-0.0426554,0.150313,-1.70926,0.814097,2.46591,2.60279,0.677666
1.342,-0.0426674,0.150286,-1.70902,0.813525,2.4663,2.60289,0.677334
1.344,-0.0426795,0.150259,-1.70878,0.812952,2.46673,2.60298,0.677002
1.346,-0.0426916,0.150232,-1.70854,0.812379,2.4671,2.60307,0.67667
1.348,-0.0427035,0.150205,-1.7083,0.811806,2.4674,2.60316,0.676338
1.35,-0.0427154,0.150178,-1.70806,0.811234,2.46765,2.60325,0.676007
1.352,-0.0427274,0.150151,-1.70782,0.81066,2.46797,2.60334,0.675674
1.354,-0.0427394,0.150123,-1.70757,0.810084,2.46834,2.60344,0.675341
1.356,-0.0427516,0.150096,-1.70733,0.809506,2.46875,2.60353,0.675006
1.358,-0.0427637,0.150068,-1.70709,0.808929,2.4691,2.60362,0.674672
1.36,-0.0427757,0.150041,-1.70685,0.808351,2.46939,2.60371,0.674338
1.362,-0.0427875,0.150014,-1.7066,0.807775,2.46962,2.6038,0.674004
1.364,-0.0427995,0.149986,-1.70636,0.807196,2.46993,2.6039,0.673669
1.366,-0.0428116,0.149958,-1.70612,0.806616,2.47029,2.60399,0.673333
1.368,-0.0428238,0.149931,-1.70587,0.806034,2.47069,2.60408,0.672996
1.37,-0.042836,0.149903,-1.70563,0.80545,2.47114,2.60417,0.672658
1.372,-0.0428482,0.149875,-1.70538,0.804867,2.47152,2.60427,0.67232
1.374,-0.0428604,0.149847,-1.70514,0.804283,2.47184,2.60436,0.671982
1.376,-0.0428724,0.14982,-1.70489,0.8037,2.4721,2.60445,0.671645
1.378,-0.0428843,0.149792,-1.70465,0.803117,2.47231,2.60454,0.671308
1.38,-0.0428963,0.149764,-1.7044,0.802533,2.4726,2.60464,0.670969
1.382,-0.0429084,0.149736,-1.70415,0.801947,2.47295,2.60473,0.67063
1.384,-0.0429206,0.149708,-1.70391,0.801359,2.47334,2.60482,0.67029
1.386,-0.0429329,0.14968,-1.70366,0.800769,2.47378,2.60492,0.669948
1.388,-0.0429451,0.149652,-1.70341,0.800179,2.47415,2.60501,0.669607
1.39,-0.0429573,0.149624,-1.70316,0.799589,2.47447,2.6051,0.669266
1.392,-0.0429694,0.149596,-1.70291,0.799,2.47473,2.6052,0.668925
1.394,-0.0429815,0.149567,-1.70266,0.798409,2.47506,2.60529,0.668583
1.396,-0.0429938,0.149539,-1.70241,0.797816,2.47544,2.60538,0.66824
1.398,-0.0430061,0.149511,-1.70216,0.797221,2.47587,2.60548,0.667896
1.4,-0.0430184,0.149482,-1.70191,0.796626,2.47623,2.60557,0.667552
1.402,-0.0430306,0.149454,-1.70166,0.796032,2.47654,2.60567,0.667208
1.404,-0.0430427,0.149425,-1.70141,0.795437,2.47679,2.60576,0.666865
1.406,-0.0430549,0.149397,-1.70116,0.794842,2.47712,2.60585,0.66652
1.408,-0.0430672,0.149368,-1.70091,0.794244,2.47749,2.60595,0.666175
1.41,-0.0430796,0.14934,-1.70066,0.793644,2.47792,2.60604,0.665828
1.412,-0.0430919,0.149311,-1.7004,0.793045,2.47828,2.60614,0.665481
1.414,-0.0431041,0.149282,-1.70015,0.792445,2.47859,2.60623,0.665135
1.416,-0.0431163,0.149254,-1.6999,0.791846,2.47884,2.60633,0.664789
1.418,-0.0431285,0.149225,-1.69965,0.791245,2.47916,2.60642,0.664442
1.42,-0.0431408,0.149196,-1.69939,0.790642,2.47954,2.60652,0.664093
1.422,-0.0431533,0.149167,-1.69914,0.790038,2.47997,2.60661,0.663744
1.424,-0.0431656,0.149138,-1.69888,0.789433,2.48034,2.60671,0.663394
1.426,-0.0431779,0.149109,-1.69863,0.788829,2.48065,2.6068,0.663045
1.428,-0.0431903,0.14908,-1.69837,0.788222,2.48102,2.6069,0.662694
1.43,-0.0432026,0.149051,-1.69812,0.787616,2.48133,2.60699,0.662344
1.432,-0.043215,0.149022,-1.69786,0.787008,2.4817,2.60709,0.661993
1.434,-0.0432275,0.148992,-1.6976,0.786398,2.48212,2.60718,0.661641
1.436,-0.0432399,0.148963,-1.69735,0.785788,2.48248,2.60728,0.661288
1.438,-0.0432523,0.148934,-1.69709,0.785178,2.48279,2.60737,0.660936
1.44,-0.0432645,0.148904,-1.69683,0.784569,2.48305,2.60747,0.660584
1.442,-0.0432769,0.148875,-1.69657,0.783957,2.48338,2.60756,0.660231
1.444,-0.0432893,0.148846,-1.69631,0.783344,2.48376,2.60766,0.659877
1.446,-0.0433019,0.148816,-1.69605,0.782729,2.48419,2.60775,0.659522
1.448,-0.0433144,0.148786,-1.6958,0.782114,2.48456,2.60785,0.659166
1.45,-0.0433268,0.148757,-1.69554,0.781499,2.48488,2.60795,0.658811
1.452,-0.0433393,0.148727,-1.69527,0.780882,2.48526,2.60804,0.658455
1.454,-0.0433517,0.148697,-1.69501,0.780265,2.48558,2.60814,0.658099
1.456,-0.0433642,0.148668,-1.69475,0.779646,2.48596,2.60824,0.657742
1.458,-0.0433767,0.148638,-1.69449,0.779027,2.48629,2.60833,0.657384
1.46,-0.0433892,0.148608,-1.69423,0.778406,2.48668,2.60843,0.657026
1.462,-0.0434017,0.148578,-1.69397,0.777786,2.48701,2.60853,0.656668
1.464,-0.0434143,0.148548,-1.6937,0.777163,2.4874,2.60862,0.656309
1.466,-0.0434268,0.148518,-1.69344,0.77654,2.48773,2.60872,0.655949
1.468,-0.0434394,0.148488,-1.69318,0.775916,2.48812,2.60882,0.655589
1.47,-0.0434519,0.148458,-1.69291,0.775291,2.48846,2.60891,0.655229
1.472,-0.0434645,0.148427,-1.69265,0.774665,2.48886,2.60901,0.654867
1.474,-0.0434771,0.148397,-1.69239,0.774039,2.4892,2.60911,0.654506
1.476,-0.0434896,0.148367,-1.69212,0.773412,2.48949,2.6092,0.654145
1.478,-0.0435021,0.148336,-1.69186,0.772784,2.48984,2.6093,0.653783
1.48,-0.0435148,0.148306,-1.69159,0.772154,2.49025,2.6094,0.653419
1.482,-0.0435276,0.148275,-1.69132,0.771522,2.49071,2.6095,0.653054
1.484,-0.0435403,0.148245,-1.69105,0.77089,2.4911,2.60959,0.65269
1.486,-0.0435529,0.148214,-1.69079,0.770257,2.49145,2.60969,0.652325
1.488,-0.0435655,0.148184,-1.69052,0.769625,2.49174,2.60979,0.651961
1.49,-0.043578,0.148153,-1.69025,0.768993,2.49199,2.60989,0.651596
1.492,-0.0435905,0.148122,-1.68998,0.768359,2.49231,2.60999,0.651231
1.494,-0.0436032,0.148091,-1.68972,0.767724,2.4927,2.61008,0.650864
1.496,-0.043616,0.148061,-1.68945,0.767086,2.49314,2.61018,0.650497
1.498,-0.0436289,0.14803,-1.68917,0.766446,2.49361,2.61028,0.650127
1.5,-0.0436417,0.147998,-1.6889,0.765806,2.49403,2.61038,0.649758
1.502,-0.0436544,0.147967,-1.68863,0.765165,2.4944,2.61048,0.649389
1.504,-0.0436671,0.147936,-1.68836,0.764525,2.49471,2.61058,0.64902
1.506,-0.0436797,0.147905,-1.68809,0.763885,2.49498,2.61068,0.648652
1.508,-0.0436924,0.147874,-1.68782,0.763243,2.49532,2.61077,0.648282
1.51,-0.0437052,0.147843,-1.68755,0.762598,2.49572,2.61087,0.647911
1.512,-0.0437181,0.147811,-1.68727,0.761952,2.49617,2.61097,0.647538
1.514,-0.043731,0.14778,-1.687,0.761306,2.49657,2.61107,0.647166
1.516,-0.0437437,0.147749,-1.68673,0.76066,2.49691,2.61117,0.646793
1.518,-0.0437564,0.147717,-1.68645,0.760013,2.49721,2.61127,0.646421
1.52,-0.0437692,0.147686,-1.68618,0.759365,2.49757,2.61137,0.646048
1.522,-0.0437821,0.147654,-1.6859,0.758714,2.49799,2.61147,0.645673
1.524,-0.0437951,0.147622,-1.68563,0.758062,2.49846,2.61157,0.645297
1.526,-0.0438081,0.14759,-1.68535,0.757409,2.49887,2.61167,0.644921
1.528,-0.043821,0.147559,-1.68507,0.756756,2.49923,2.61177,0.644545
1.53,-0.0438338,0.147527,-1.6848,0.756103,2.49954,2.61187,0.644169
1.532,-0.0438465,0.147495,-1.68452,0.75545,2.49981,2.61197,0.643794
1.534,-0.0438593,0.147463,-1.68424,0.754796,2.50015,2.61207,0.643417
1.536,-0.0438722,0.147431,-1.68396,0.754139,2.50056,2.61217,0.643039
1.538,-0.0438853,0.147399,-1.68369,0.75348,2.50101,2.61227,0.642659
1.54,-0.0438984,0.147367,-1.6834,0.752819,2.5015,2.61237,0.642278
1.542,-0.0439115,0.147334,-1.68312,0.752157,2.50194,2.61247,0.641898
1.544,-0.0439245,0.147302,-1.68284,0.751496,2.50233,2.61257,0.641517
1.546,-0.0439375,0.14727,-1.68256,0.750834,2.50267,2.61267,0.641136
1.548,-0.0439503,0.147238,-1.68228,0.750172,2.50296,2.61277,0.640756
1.55,-0.0439631,0.147205,-1.682,0.749511,2.50321,2.61287,0.640375
1.552,-0.043976,0.147173,-1.68172,0.748847,2.50354,2.61297,0.639993
1.554,-0.043989,0.14714,-1.68144,0.748181,2.50394,2.61308,0.63961
1.556,-0.0440021,0.147108,-1.68116,0.747514,2.50439,2.61318,0.639226
1.558,-0.0440153,0.147075,-1.68087,0.746844,2.50488,2.61328,0.63884
1.56,-0.0440285,0.147042,-1.68059,0.746173,2.50532,2.61338,0.638455
1.562,-0.0440416,0.147009,-1.6803,0.745502,2.50571,2.61348,0.638069
1.564,-0.0440547,0.146976,-1.68002,0.744831,2.50605,2.61358,0.637683
1.566,-0.0440676,0.146943,-1.67973,0.74416,2.50635,2.61369,0.637297
1.568,-0.0440807,0.14691,-1.67945,0.743487,2.50672,2.61379,0.63691
1.57,-0.0440939,0.146877,-1.67916,0.742812,2.50715,2.61389,0.636522
1.572,-0.0441071,0.146844,-1.67887,0.742135,2.50762,2.61399,0.636132
1.574,-0.0441204,0.146811,-1.67859,0.741454,2.50805,2.61409,0.635743
1.576,-0.0441335,0.146778,-1.6783,0.74077,2.50842,2.6142,0.635353
1.578,-0.0441467,0.146744,-1.67801,0.74008,2.50875,2.6143,0.634963
1.58,-0.0441597,0.146711,-1.67772,0.739384,2.50903,2.6144,0.634573
1.582,-0.0441858,0.146669,-1.67734,0.738762,2.5094,2.61452,0.634073
1.584,-0.0442102,0.146629,-1.67697,0.738116,2.50984,2.61464,0.63359
1.586,-0.0442331,0.146589,-1.67662,0.737452,2.51033,2.61476,0.633122
1.588,-0.0442545,0.146551,-1.67628,0.736774,2.51087,2.61487,0.632668
1.59,-0.0442746,0.146513,-1.67594,0.736087,2.51145,2.61499,0.632225
1.592,-0.0442934,0.146476,-1.67562,0.735383,2.51197,2.6151,0.631792
1.594,-0.044311,0.14644,-1.67531,0.734663,2.51243,2.61521,0.631369
1.596,-0.0443276,0.146404,-1.675,0.733924,2.51285,2.61532,0.630953
1.598,-0.0443434,0.146368,-1.6747,0.733167,2.51322,2.61543,0.630544
1.6,-0.0443584,0.146333,-1.67441,0.732389,2.51355,2.61554,0.630139
1.602,-0.0443728,0.146299,-1.67411,0.731591,2.51383,2.61564,0.629738
1.604,-0.0443869,0.146264,-1.67382,0.730811,2.51419,2.61575,0.629338
1.606,-0.0444007,0.14623,-1.67353,0.730046,2.51461,2.61586,0.628939
1.608,-0.0444145,0.146195,-1.67323,0.729292,2.51509,2.61596,0.628541
1.61,-0.044428,0.146161,-1.67294,0.728514,2.51552,2.61607,0.628142
1.612,-0.0444415,0.146126,-1.67265,0.727711,2.51589,2.61617,0.627743
1.614,-0.044455,0.146091,-1.67235,0.726926,2.51632,2.61628,0.627343
1.616,-0.0444686,0.146057,-1.67206,0.726156,2.51681,2.61639,0.626941
1.618,-0.0444823,0.146022,-1.67176,0.725358,2.51724,2.61649,0.626537
1.62,-0.044509,0.145979,-1.67137,0.724595,2.51757,2.61662,0.626023
1.622,-0.044534,0.145937,-1.67099,0.723831,2.51799,2.61674,0.625526
1.624,-0.0445576,0.145895,-1.67062,0.723069,2.51847,2.61686,0.625043
1.626,-0.04458,0.145855,-1.67027,0.722308,2.519,2.61698,0.624571
1.628,-0.0446012,0.145815,-1.66992,0.721548,2.51958,2.61709,0.62411
1.63,-0.0446214,0.145776,-1.66959,0.72075,2.52009,2.61721,0.623656
1.632,-0.0446406,0.145737,-1.66925,0.719912,2.52056,2.61733,0.62321
1.634,-0.0446592,0.145699,-1.66893,0.719033,2.52096,2.61744,0.622768
1.636,-0.0446773,0.145661,-1.6686,0.718113,2.52132,2.61756,0.62233
1.638,-0.044695,0.145623,-1.66828,0.717214,2.52177,2.61767,0.621894
1.64,-0.0447257,0.145577,-1.66786,0.716411,2.52228,2.6178,0.621346
1.642,-0.0447544,0.145532,-1.66746,0.71561,2.52284,2.61793,0.620819
1.644,-0.0447812,0.145488,-1.66708,0.714758,2.52335,2.61806,0.620309
1.646,-0.0448065,0.145445,-1.6667,0.713855,2.52381,2.61819,0.619812
1.648,-0.0448305,0.145403,-1.66634,0.712959,2.52434,2.61831,0.619326
1.65,-0.0448534,0.145361,-1.66598,0.712066,2.52493,2.61843,0.618849
1.652,-0.0448754,0.14532,-1.66563,0.711119,2.52546,2.61855,0.618378
1.654,-0.0448967,0.14528,-1.66529,0.710116,2.52594,2.61868,0.617912
1.656,-0.0449311,0.14523,-1.66485,0.709146,2.52631,2.61881,0.617334
1.658,-0.0449785,0.145173,-1.66431,0.708287,2.52679,2.61897,0.616646
1.66,-0.0450218,0.145118,-1.66381,0.707421,2.52735,2.61912,0.615999
1.662,-0.0450613,0.145065,-1.66334,0.706542,2.52798,2.61927,0.615388
1.664,-0.0450975,0.145015,-1.6629,0.705645,2.52868,2.61942,0.614806
1.666,-0.0451308,0.144967,-1.66249,0.704727,2.52943,2.61956,0.61425
1.668,-0.0451616,0.144919,-1.66209,0.703732,2.53011,2.6197,0.613713
1.67,-0.0451902,0.144874,-1.6617,0.70266,2.53073,2.61983,0.613193
1.672,-0.0452173,0.144829,-1.66132,0.701512,2.53128,2.61996,0.612684
1.674,-0.0452432,0.144784,-1.66096,0.70029,2.53177,2.6201,0.612183
1.676,-0.0452683,0.14474,-1.66059,0.698993,2.53221,2.62023,0.611686
1.678,-0.0453065,0.144687,-1.66013,0.697725,2.53255,2.62038,0.611076
1.68,-0.0453578,0.144626,-1.65957,0.696585,2.53303,2.62054,0.610355
1.682,-0.0454222,0.144557,-1.65891,0.695565,2.53364,2.62073,0.609524
1.684,-0.0454807,0.144491,-1.65831,0.694519,2.53435,2.62091,0.608752
1.686,-0.045534,0.144429,-1.65776,0.69344,2.53517,2.62108,0.608029
1.688,-0.0455827,0.144369,-1.65724,0.692324,2.53606,2.62125,0.607347
1.69,-0.0456275,0.144312,-1.65675,0.691169,2.53702,2.62141,0.6067
1.692,-0.045669,0.144257,-1.65629,0.689906,2.5379,2.62157,0.606079
1.694,-0.0457079,0.144204,-1.65585,0.688538,2.53871,2.62172,0.605478
1.696,-0.0457449,0.144151,-1.65541,0.687067,2.53944,2.62188,0.604891
1.698,-0.0457948,0.14409,-1.65488,0.685623,2.54007,2.62205,0.60419
1.7,-0.0458578,0.14402,-1.65425,0.684211,2.54061,2.62224,0.603376
1.702,-0.045934,0.143942,-1.65353,0.682836,2.54105,2.62245,0.602451
1.704,-0.0460233,0.143855,-1.65271,0.681603,2.54166,2.62267,0.601418
1.706,-0.0461037,0.143774,-1.65197,0.680321,2.54245,2.62289,0.600471
1.708,-0.0461762,0.143698,-1.6513,0.678983,2.54338,2.62309,0.599597
1.71,-0.046242,0.143627,-1.65068,0.677584,2.54444,2.62329,0.598783
1.712,-0.046302,0.143558,-1.65011,0.676123,2.5456,2.62349,0.598019
1.714,-0.0463573,0.143493,-1.64957,0.674511,2.54667,2.62367,0.597293
1.716,-0.046409,0.14343,-1.64905,0.672755,2.54765,2.62386,0.596595
1.718,-0.046458,0.143368,-1.64856,0.67086,2.54854,2.62404,0.595915
1.72,-0.04652,0.143297,-1.64796,0.668988,2.54934,2.62424,0.595119
1.722,-0.0465951,0.143218,-1.64726,0.667146,2.55004,2.62445,0.594208
1.724,-0.0466833,0.143129,-1.64646,0.665336,2.55065,2.62468,0.593185
1.726,-0.0467846,0.143033,-1.64557,0.66368,2.55147,2.62493,0.592052
1.728,-0.0468991,0.142927,-1.64459,0.662164,2.55246,2.6252,0.59081
1.73,-0.0470267,0.142813,-1.64352,0.660779,2.55359,2.62549,0.58946
1.732,-0.047141,0.142708,-1.64257,0.659262,2.55489,2.62576,0.588237
1.734,-0.0472435,0.14261,-1.64171,0.657611,2.55634,2.62602,0.587123
1.736,-0.0473356,0.142519,-1.64093,0.65583,2.55791,2.62627,0.586102
1.738,-0.0474192,0.142432,-1.64022,0.653812,2.55936,2.62652,0.585151
1.74,-0.0474962,0.14235,-1.63956,0.651573,2.56069,2.62675,0.584255
1.742,-0.0475683,0.14227,-1.63893,0.649128,2.56191,2.62698,0.583395
1.744,-0.0476533,0.142181,-1.63819,0.646702,2.56303,2.62723,0.582416
1.746,-0.0477514,0.142084,-1.63736,0.6443,2.56407,2.62749,0.58132
1.748,-0.0478625,0.141977,-1.63642,0.641926,2.56501,2.62777,0.58011
1.75,-0.0479868,0.141862,-1.63539,0.639584,2.56586,2.62807,0.578787
1.752,-0.0481241,0.141737,-1.63427,0.637277,2.56661,2.62838,0.577353
1.754,-0.0482745,0.141604,-1.63305,0.635154,2.56766,2.62871,0.57581
1.756,-0.048438,0.141462,-1.63175,0.633195,2.56894,2.62906,0.574158
1.758,-0.0485857,0.14133,-1.63058,0.63105,2.57051,2.6294,0.572657
1.76,-0.0487197,0.141207,-1.62952,0.628723,2.57232,2.62972,0.571281
1.762,-0.0488421,0.141091,-1.62856,0.62622,2.57434,2.63004,0.570007
1.764,-0.0489556,0.140979,-1.62766,0.623398,2.5762,2.63034,0.568808
1.766,-0.049082,0.140859,-1.62666,0.620594,2.57798,2.63066,0.567489
1.768,-0.0492213,0.14073,-1.62556,0.617812,2.57966,2.631,0.566052
1.77,-0.0493736,0.140591,-1.62435,0.615056,2.58126,2.63135,0.5645
1.772,-0.0495389,0.140443,-1.62306,0.612329,2.58277,2.63173,0.562834
1.774,-0.0497172,0.140286,-1.62166,0.609634,2.58418,2.63212,0.561056
1.776,-0.0499085,0.14012,-1.62018,0.606973,2.5855,2.63252,0.559166
1.778,-0.0500833,0.139964,-1.61883,0.603817,2.58668,2.63292,0.557426
1.78,-0.0502445,0.139816,-1.61759,0.600202,2.58772,2.6333,0.555805
1.782,-0.0504187,0.139658,-1.61625,0.596808,2.58919,2.6337,0.554068
1.784,-0.0506058,0.139492,-1.61481,0.593605,2.59101,2.63412,0.552217
1.786,-0.0508058,0.139315,-1.61328,0.590571,2.59312,2.63455,0.550252
1.788,-0.0509892,0.139149,-1.61188,0.587244,2.5956,2.63497,0.548437
1.79,-0.0511856,0.138974,-1.61039,0.58394,2.59799,2.63541,0.546505
1.792,-0.0513679,0.138807,-1.609,0.58009,2.60017,2.63583,0.544695
1.794,-0.051563,0.13863,-1.60752,0.576259,2.60226,2.63628,0.542766
1.796,-0.0517712,0.138443,-1.60593,0.57245,2.60427,2.63674,0.540722
1.798,-0.0519923,0.138247,-1.60425,0.568664,2.60619,2.63722,0.538562
1.8,-0.0522263,0.138041,-1.60247,0.564905,2.60802,2.63771,0.536288
1.802,-0.0524732,0.137825,-1.6006,0.561173,2.60977,2.63823,0.533901
1.804,-0.0527329,0.137599,-1.59863,0.557657,2.61192,2.63876,0.531403
1.806,-0.0529708,0.137386,-1.59684,0.553704,2.61463,2.63928,0.529098
1.808,-0.0531925,0.137183,-1.59518,0.549038,2.61707,2.63978,0.52693
1.81,-0.0534271,0.136969,-1.59341,0.544385,2.61943,2.6403,0.524642
1.812,-0.0536746,0.136745,-1.59155,0.539748,2.62171,2.64084,0.522236
1.814,-0.0539349,0.136511,-1.58958,0.535127,2.62391,2.6414,0.519713
1.816,-0.0542079,0.136267,-1.58752,0.530729,2.62655,2.64198,0.517075
1.818,-0.0544936,0.136012,-1.58536,0.52652,2.62957,2.64257,0.514323
1.82,-0.0547919,0.135747,-1.58311,0.522331,2.6325,2.64318,0.511454
1.822,-0.05507,0.135493,-1.58101,0.517179,2.63511,2.64378,0.508757
1.824,-0.0553324,0.135248,-1.57904,0.511166,2.63743,2.64437,0.506187
1.826,-0.0556059,0.135001,-1.57693,0.505396,2.64031,2.64492,0.503544
1.828,-0.0558904,0.13475,-1.57469,0.49983,2.64363,2.64542,0.500847
1.83,-0.0561863,0.134497,-1.57233,0.494263,2.64684,2.64589,0.498124
1.832,-0.0564916,0.134242,-1.56989,0.488761,2.64901,2.64633,0.495454
1.834,-0.0568067,0.133986,-1.56735,0.483312,2.65033,2.64674,0.492858
1.836,-0.0571036,0.133769,-1.56519,0.479123,2.6514,2.64709,0.490643
1.838,-0.057381,0.13359,-1.56338,0.475958,2.65227,2.64741,0.488764
1.84,-0.0576389,0.133446,-1.56186,0.473615,2.65296,2.64767,0.487177
1.842,-0.0578777,0.133333,-1.56061,0.471921,2.65351,2.6479,0.485841
1.844,-0.0580979,0.133248,-1.55959,0.470739,2.65393,2.6481,0.484721
1.846,-0.0582886,0.133185,-1.55882,0.469899,2.65424,2.64826,0.483791
1.848,-0.0584534,0.133141,-1.55827,0.46934,2.65445,2.6484,0.48302
1.85,-0.0585958,0.133113,-1.55789,0.469009,2.65459,2.6485,0.48238
1.852,-0.0587188,0.133099,-1.55766,0.468859,2.65465,2.64859,0.481847
1.854,-0.0588249,0.133094,-1.55754,0.468853,2.65467,2.64866,0.481402
1.856,-0.0589163,0.133098,-1.55753,0.46896,2.65464,2.64871,0.481029
1.858,-0.0589936,0.133109,-1.5576,0.46915,2.65457,2.64875,0.480717
1.86,-0.0590577,0.133125,-1.55774,0.469399,2.65448,2.64877,0.480452
1.862,-0.0591094,0.133145,-1.55796,0.46969,2.65436,2.64879,0.480222
1.864,-0.0591497,0.133168,-1.55822,0.470007,2.65422,2.6488,0.480018
1.866,-0.0591796,0.133194,-1.55853,0.470333,2.65406,2.6488,0.479962
1.868,-0.0592001,0.133223,-1.55886,0.47066,2.6539,2.64879,0.480028
1.87,-0.0592122,0.133254,-1.55921,0.470983,2.65372,2.64877,0.480193
1.872,-0.0592167,0.133286,-1.55959,0.471298,2.65354,2.64874,0.480441
1.874,-0.0592144,0.133318,-1.55998,0.471603,2.65335,2.64872,0.480755
1.876,-0.0592061,0.133351,-1.56038,0.471896,2.65316,2.64868,0.481121
1.878,-0.0591925,0.133385,-1.56078,0.472176,2.65297,2.64865,0.481529
1.88,-0.0591743,0.133418,-1.5612,0.472442,2.65278,2.64861,0.481969
1.882,-0.0591519,0.13345,-1.56161,0.472694,2.65259,2.64857,0.482432
1.884,-0.0591262,0.133483,-1.56203,0.472933,2.6524,2.64853,0.482912
1.886,-0.0590975,0.133514,-1.56245,0.473158,2.65221,2.6485,0.483403
1.888,-0.0590666,0.133545,-1.56286,0.473371,2.65203,2.64846,0.483898
1.89,-0.0590339,0.133574,-1.56326,0.473572,2.65185,2.64842,0.484396
1.892,-0.0589998,0.133603,-1.56366,0.473762,2.65167,2.64838,0.48489
1.894,-0.0589647,0.133631,-1.56405,0.473942,2.6515,2.64834,0.48538
1.896,-0.058929,0.133658,-1.56443,0.474112,2.65133,2.64831,0.485861
1.898,-0.058893,0.133684,-1.56479,0.474274,2.65117,2.64827,0.486332
1.9,-0.058857,0.133708,-1.56515,0.474427,2.65101,2.64824,0.486792
1.902,-0.0588212,0.133732,-1.56549,0.474574,2.65086,2.6482,0.487238
1.904,-0.0587859,0.133755,-1.56582,0.474714,2.65071,2.64817,0.487669
1.906,-0.0587514,0.133777,-1.56614,0.474849,2.65057,2.64814,0.488084
1.908,-0.0587178,0.133797,-1.56644,0.474978,2.65044,2.6481,0.488482
1.91,-0.0586854,0.133817,-1.56673,0.475104,2.65031,2.64807,0.488863
1.912,-0.0586541,0.133835,-1.567,0.475226,2.65018,2.64804,0.489225
1.914,-0.0586242,0.133852,-1.56726,0.475344,2.65007,2.64801,0.489569
1.916,-0.0585958,0.133869,-1.5675,0.475461,2.64995,2.64798,0.489894
1.918,-0.0585689,0.133884,-1.56772,0.475575,2.64985,2.64795,0.490201
1.92,-0.0585436,0.133898,-1.56793,0.475688,2.64975,2.64793,0.490489
1.922,-0.0585199,0.133912,-1.56813,0.4758,2.64965,2.6479,0.490758
1.924,-0.0584978,0.133924,-1.56831,0.475912,2.64956,2.64787,0.49101
1.926,-0.0584774,0.133935,-1.56847,0.476023,2.64948,2.64785,0.491243
1.928,-0.0584587,0.133945,-1.56862,0.476135,2.6494,2.64782,0.49146
1.93,-0.0584416,0.133955,-1.56876,0.476247,2.64933,2.6478,0.49166
1.932,-0.0584261,0.133963,-1.56888,0.47636,2.64926,2.64778,0.491844
1.934,-0.0584122,0.133971,-1.56899,0.476474,2.6492,2.64776,0.492013
1.936,-0.0583998,0.133978,-1.56909,0.476589,2.64914,2.64774,0.492167
1.938,-0.0583889,0.133984,-1.56918,0.476705,2.64908,2.64772,0.492308
1.94,-0.0583795,0.13399,-1.56926,0.476823,2.64903,2.6477,0.492435
1.942,-0.0583714,0.133994,-1.56933,0.476943,2.64899,2.64768,0.492549
1.944,-0.0583647,0.133998,-1.56939,0.477064,2.64894,2.64767,0.492651
1.946,-0.0583592,0.134002,-1.56944,0.477186,2.64891,2.64765,0.492743
1.948,-0.058355,0.134005,-1.56948,0.47731,2.64887,2.64764,0.492823
1.95,-0.0583518,0.134007,-1.56952,0.477436,2.64884,2.64762,0.492894
1.952,-0.0583498,0.134009,-1.56954,0.477564,2.64881,2.64761,0.492956
1.954,-0.0583488,0.13401,-1.56957,0.477693,2.64878,2.6476,0.49301
1.956,-0.0583487,0.134011,-1.56958,0.477824,2.64876,2.64759,0.493055
1.958,-0.0583495,0.134011,-1.56959,0.477957,2.64874,2.64758,0.493094
1.96,-0.0583511,0.134011,-1.5696,0.478091,2.64872,2.64758,0.493125
1.962,-0.0583534,0.134011,-1.5696,0.478226,2.6487,2.64757,0.493151
1.964,-0.0583565,0.134011,-1.5696,0.478363,2.64869,2.64756,0.493171
1.966,-0.0583602,0.13401,-1.56959,0.478501,2.64868,2.64756,0.493187
1.968,-0.0583644,0.134009,-1.56959,0.478641,2.64866,2.64755,0.493197
1.97,-0.0583692,0.134008,-1.56957,0.478782,2.64865,2.64755,0.493204
1.972,-0.0583745,0.134007,-1.56956,0.478923,2.64864,2.64754,0.493207
1.974,-0.0583802,0.134005,-1.56955,0.479066,2.64864,2.64754,0.493207
1.976,-0.0583862,0.134004,-1.56953,0.47921,2.64863,2.64754,0.493204
1.978,-0.0583926,0.134002,-1.56951,0.479354,2.64862,2.64754,0.493199
1.98,-0.0583993,0.134,-1.56949,0.4795,2.64862,2.64753,0.493192
1.982,-0.0584062,0.133999,-1.56947,0.479646,2.64861,2.64753,0.493183
1.984,-0.0584133,0.133997,-1.56945,0.479792,2.64861,2.64753,0.493172
1.986,-0.0584206,0.133995,-1.56943,0.47994,2.6486,2.64753,0.49316
1.988,-0.0584281,0.133993,-1.56941,0.480087,2.6486,2.64753,0.493147
1.99,-0.0584357,0.133991,-1.56939,0.480236,2.6486,2.64753,0.493134
1.992,-0.0584434,0.133989,-1.56937,0.480384,2.64859,2.64753,0.493119
1.994,-0.0584511,0.133987,-1.56935,0.480533,2.64859,2.64753,0.493104
1.996,-0.0584589,0.133986,-1.56933,0.480682,2.64859,2.64753,0.493089
1.998,-0.0584668,0.133984,-1.56931,0.480831,2.64858,2.64753,0.493074
2,-0.0584746,0.133982,-1.56929,0.48098,2.64858,2.64753,0.493058
